"time","bc_cz","bc_c1","bc_c3","bc_c4","bc_c5","oscd","oscde","ossk","tppa","tppre","pgp"
2012,95.6916419478737,101.652366900177,96.8803210264789,96.0119502425301,96.1180305360446,-23.263904817861,-18.2160811197908,12.1625768265901,1.71388735447794,-2.07231304743671,-27.6530474176066
2012.08333333333,95.540487964162,100.818182863641,96.4054544746951,96.3081166789815,96.2765995744202,-23.4099268193017,-18.0983364251706,11.5551945218423,-0.135186174825646,-1.63459983519153,-26.8804978919272
2012.16666666667,95.277609991709,99.6224371045748,95.6800617172003,96.3977441271477,96.2760841318953,-23.7953144198965,-18.1102978042277,11.1131684117089,-1.92772383377179,-1.19579273305063,-26.754543053611
2012.25,94.8599785444717,98.232261401791,94.7534722771858,96.3141012805722,96.0268226038505,-24.330923113086,-18.433806987976,10.8333793979089,-3.83995092238053,-0.815770604412198,-27.6436155738139
2012.33333333333,94.2875651172928,96.777299976656,93.6690296566858,96.1260691587724,95.4921567968958,-24.9618957360949,-19.0818497379387,10.7410174906749,-5.70482771532216,-0.61243368628645,-29.9871934225567
2012.41666666667,93.4494279674904,95.3593689008273,92.4167528374552,96.0148625901247,94.6201203952478,-25.8634153955972,-20.07414714283,10.9045227344102,-7.57837257463016,-0.824297696616541,-34.2060934958416
2012.5,92.4718980709693,94.397076684925,91.0501964753513,95.933120981186,93.5763634198619,-27.0082876875447,-21.2684746368183,11.4802036199095,-9.12922124315313,-1.29192069540367,-39.3354965467969
2012.58333333333,91.544552274351,94.1971540843058,89.7192664920219,95.7722374374851,92.6504465348893,-28.1801083591331,-22.6460050011908,12.1417242200524,-9.95800785901405,-2.10256013336509,-43.6404441533698
2012.66666666667,90.8406465825196,94.7847106453918,88.6111931412241,95.5183496070493,92.0242795903787,-29.1114551083591,-24.0792569659443,12.5383841390807,-10.177399380805,-3.08368659204573,-45.6194570135747
2012.75,90.4479042629197,95.8394141462253,87.8180459633246,95.0692843534175,91.670689449869,-29.7228983091212,-25.4394498690164,12.4215229816623,-9.85217909025959,-3.92705406049059,-45.1978923553227
2012.83333333333,90.1853834246249,96.8274529649917,87.3794415336985,94.2735055965706,91.392766134794,-30.3529471302691,-26.7288282924506,11.7344010478685,-9.58244820195285,-4.42639318885449,-43.4198856870684
2012.91666666667,89.9425815670398,97.3444986901643,87.2989819004525,93.5256072874494,91.0455882352941,-31.213193617528,-27.5158311502739,10.7188675875208,-9.80021433674684,-4.49100381043105,-41.5943081686116
2013,89.6934448678257,97.1894915456061,87.527524410574,92.9510657299357,90.663592522029,-32.2928435341748,-27.6272803048345,9.640354846392,-10.4333948559181,-4.14458799714218,-40.824487973327
2013.08333333333,89.4949690402477,96.228798523458,87.9542450583472,92.6551143129316,90.3835437008812,-33.3802452964992,-27.1083472255299,8.77168373422243,-11.2073469873779,-3.38351988568707,-41.5373362705406
2013.16666666667,89.5878899738033,94.7765777566087,88.4170933555608,92.8533162657776,90.3921648011431,-33.9720707311265,-26.0668552036199,8.35441176470588,-11.2972969754703,-2.29071207430341,-42.8844724934508
2013.25,90.1001786139557,93.3684448678257,88.7971778994999,93.4565253631817,90.8171945701357,-33.6805787092165,-24.8828530602524,8.58434746368183,-10.4345141700405,-0.97913193617528,-43.3050011907597
2013.33333333333,91.1445344129555,92.4690521552751,89.0303107882829,94.3565015479876,91.7345022624434,-32.3308168611574,-23.6735591807573,9.30211955227435,-8.63486544415337,0.574803524648726,-40.9354786854013
2013.41666666667,92.6796141938557,92.4512086211003,89.2496665872827,95.6449095022624,93.112556561086,-29.9877232674446,-22.5324005715647,10.1082995951417,-6.19195641819481,2.30821028816385,-35.3291676589664
2013.5,94.3133246010955,93.1067635151227,89.5188318647297,97.2199690402477,94.6620862110026,-27.4236961181234,-21.6373303167421,10.8117527982853,-3.63153131698023,3.89470111931412,-27.863330554894
2013.58333333333,95.8176232436294,94.2001131221719,89.8272088592522,98.8458561562277,96.1386044296261,-25.1459454632055,-20.7373839009288,11.2034472493451,-1.41428316265778,5.33549654679686,-20.395552512503
2013.66666666667,96.9600678733032,95.4391879018814,90.1832519647535,100.114997618481,97.2601929030722,-23.5755537032627,-19.9298523457966,11.2074660633484,0.357007620862111,6.40643605620386,-14.6197666110979
2013.75,97.685419147416,96.6672362467254,90.5880328649678,100.735502500595,98.0133067396999,-22.6825732317218,-19.18883067397,10.7103655632293,1.86253274589188,6.63684805906168,-11.339342700643
2013.83333333333,98.1989938080495,97.758758037628,91.0255775184568,100.86508097166,98.5370266730174,-21.9965229816623,-18.2913848535366,9.91037151702786,3.10802572040962,6.36734936889736,-10.2473207906644
2013.91666666667,98.7367825672779,98.6275899023577,91.516628959276,100.721374136699,99.0436175279828,-21.1105739461777,-17.1292569659443,9.08977732793522,4.18267444629674,6.12533341271731,-10.3462967373184
2014,99.2192545844249,99.1094724934508,92.0896701595618,100.419367706597,99.5282507739938,-20.3519230769231,-16.0668611574184,8.64171231245535,5.09124196237199,6.14284948797333,-10.6424982138604
2014.08333333333,99.5034115265539,99.1475470350083,92.5285841867111,100.056900452489,99.8951297928078,-20.060145272684,-15.4726958799714,8.85254822576804,5.73897356513456,6.44607644677304,-10.6523577042153
2014.16666666667,99.3998809240295,98.8295963324601,92.6770778756847,99.531471778995,100.123213860443,-20.4603893784234,-15.548100738271,9.67970945463206,5.89386758752084,6.61047868540129,-10.6338711598
2014.25,98.8542569659443,98.222076684925,92.5011788521076,99.0017385091688,100.15270302453,-21.4421112169564,-16.2166944510598,10.7753989045011,5.48385329840438,6.12266015718028,-11.214729697547
2014.33333333333,98.0557930459633,97.5048463919981,92.1682245772803,98.5757442248154,99.9609609430817,-22.5999047392236,-17.1464336746844,11.7444748749702,4.82495832341034,4.92001667063587,-12.7917182662539
2014.41666666667,97.2364432007621,96.764967849488,91.8335020242915,98.1877232674446,99.5914860681115,-23.5298047154084,-17.9706358656823,12.2091867111217,3.75835913312693,3.491116932603,-15.1746487258871
2014.5,96.6764170040486,96.0462610145273,91.5786377708978,97.9427304120028,99.1839009287926,-23.8761252679209,-18.2743153131698,12.1787092164801,2.40281019290307,2.425,-17.5745475113122
2014.58333333333,96.5497678018576,95.6599607049297,91.4724696356275,97.9788044772565,98.9113419861872,-23.5072576804001,-17.9312753036437,12.1935103596094,1.16080614432008,2.24721957608954,-19.4319183138843
2014.66666666667,96.8546915932365,95.7917242200524,91.5730412002858,98.1811085972851,98.9020302452965,-22.7316206239581,-17.1309657061205,12.4561621814718,0.573011431293165,3.11545010716837,-20.3002976899262
2014.75,97.3875208382948,96.4139378423434,91.7887770897833,98.5207251726601,99.1124732079066,-21.9814181948083,-16.2575970469159,12.6301559895213,0.361592045725173,4.80147654203382,-19.8340795427483
2014.83333333333,97.8847523219814,97.5146106215766,92.1082638723505,99.0078530602525,99.3697963800905,-21.5757561324125,-15.6064062872112,12.3706834960705,0.143063824720172,6.51237794713027,-17.8712729221243
2014.91666666667,98.3154262919743,98.9192664920219,92.5491605144082,99.7449928554418,99.6859907120743,-21.4988687782805,-14.869927363658,11.5158430578709,0.05907358894975,7.57954870207192,-14.6421350321505
2015,98.7311800428674,100.241873065015,93.1394320076209,100.891593236485,100.004983329364,-21.5138902119552,-13.872088592522,10.1907775660872,0.170957370802572,7.8988568706835,-10.6966420576328
2015.08333333333,99.1528042391045,101.462246963563,93.9883007859014,102.238003095975,100.331471778995,-21.5270183376995,-12.693653250774,8.61549178375804,0.59988092402953,7.64618956894499,-6.69123005477495
2015.16666666667,99.594290307216,102.496189568945,95.0662062395809,103.522475589426,100.621403905692,-21.378310311979,-11.6018516313408,7.18502024291498,1.38362705406049,7.13800904977375,-3.22267801857585
2015.25,100.140319123601,103.424095022624,96.0473862824482,104.612717313646,100.949303405573,-20.8358716361038,-10.6469397475589,6.55309002143367,2.55787092164801,6.91445582281496,-0.600845439390331
2015.33333333333,100.844433198381,104.335460824006,96.7357287449393,105.46512264825,101.39774351036,-19.7727316027626,-9.71612288640152,7.03303762800667,4.0253036437247,7.31896880209574,0.991497975708502
2015.41666666667,101.621487258871,105.190378661586,97.1200226244344,106.21133007859,101.768933079305,-18.424226006192,-8.93228744939271,8.35361990950226,5.71933793760419,8.18981900452489,1.86839723743749
2015.5,102.317706596809,105.740831150274,97.2728744939271,106.85217909026,101.938532984044,-17.0678673493689,-8.44964872588712,10.0077816146702,7.28471659919028,9.12511312217194,2.41023457966182
2015.58333333333,102.84242081448,105.72286258633,97.3509049773755,107.419969040248,101.857573231722,-15.8027268397237,-8.18724100976423,11.3524946415813,8.23872945939509,9.67834008097166,3.00714455822815
2015.66666666667,103.171892117171,105.055251250298,97.5482198142415,107.971386044296,101.536836151465,-14.6620088116218,-7.90466777804239,11.9919504643963,8.29643962848297,9.65675756132413,3.62057632769707
2015.75,103.277268397237,103.92907239819,97.9592343415099,108.381364610622,101.07427363658,-13.814205763277,-7.56446177661348,11.7542926887354,7.11311621814718,9.51762324362944,3.85237556561086
2015.83333333333,103.194576089545,102.716105025006,98.630697785187,108.517825672779,100.590557275542,-13.3561562276733,-7.28215646582519,10.6168135270302,4.9768278161467,9.63141224100976,3.27449392712551
2015.91666666667,103.082930459633,101.833192426768,99.3530066682543,108.404096213384,100.303078113837,-13.1504703500834,-7.10623958085258,8.89296261014527,2.71866515837104,10.1548940223863,2.11787925696594
2016,103.114592760181,101.585038104311,99.8560252441057,108.188491307454,100.348761609907,-12.9493212669683,-6.9485532269588,7.30687068349607,1.25754941652774,11.0036496784949,0.915962133841391
2016.08333333333,103.328792569659,101.984645153608,99.9226720647773,107.950625148845,100.728619909502,-12.6342105263158,-6.82395213145987,6.76419385567992,1.21793284115265,11.837693498452,0.167581567039771
2016.16666666667,103.513271016909,102.584639199809,99.5143367468445,107.643141224101,101.282763753275,-12.4323529411765,-6.88170993093594,7.50100023815194,2.36396761133603,11.9726542033818,0.0442188616337222
2016.25,103.494278399619,103.19479638009,98.8734520123839,107.125,101.809579661824,-12.514979757085,-7.23412717313646,9.04196237199333,4.14699333174565,10.9669742795904,0.504191474160515
2016.33333333333,103.249821386044,103.604292688735,98.2214753512741,106.528727077876,102.107900690641,-12.754810669207,-7.84683257918552,10.8272803048345,5.7816742081448,9.02677423195999,1.31069302214813
2016.41666666667,102.83012026673,103.877911407478,97.6423195999047,105.931829006906,102.08894974994,-13.145814479638,-8.59100381043105,12.2436711121696,6.59927959037866,6.98405572755418,1.91639080733508
2016.5,102.402286258633,104.342004048583,97.3436592045725,105.344201000238,101.794713026911,-13.5517087401762,-9.41823648487735,12.6914384377233,6.62553584186711,5.59034889259347,1.99004524886878
2016.58333333333,102.159460585854,105.118879495118,97.4867170754942,104.80177423196,101.433835437009,-13.9173850916885,-10.2053703262682,12.0521731364611,6.70438794951179,5.01946296737318,1.87830435818052
2016.66666666667,102.310901405096,106.087955465587,98.0251547987616,104.403107882829,101.416122886402,-13.9667301738509,-10.5636520600143,10.7297094546321,7.40280423910455,5.32364253393665,2.03288878304358
2016.75,102.846981424149,106.973321028816,98.8426827816147,104.216849249821,101.86810550131,-13.5926768278161,-10.2811562276733,9.27326744462967,8.51751607525601,6.34002738747321,2.7919802333889
2016.83333333333,103.658329364134,107.386603953322,99.8233150750178,104.313181709931,102.760782329126,-12.7989580852584,-9.30658490116694,8.09874374851155,9.66465229816623,7.88230531078828,3.8327399380805
2016.91666666667,104.552220766849,107.013681829007,100.9395153608,104.577536318171,103.885835913313,-11.7719695165516,-7.84526077637533,7.33092998332936,10.3930340557276,9.78527030245297,4.57266015718028
2017,105.476030007145,106.208400809717,102.237199333175,104.896808763991,105.027649440343,-10.5430400095261,-6.14230173850917,6.89743986663491,10.9347999523696,11.7865206001429,4.74065253631817
2017.08333333333,106.394939271255,105.546195522744,103.69362943558,105.148148368659,106.058543700881,-9.16108597285068,-4.52794713026911,6.60272088592522,11.6275244105739,13.4457370802572,4.8913193617528
2017.16666666667,107.218040009526,105.550702548226,105.134323648488,105.314961895689,106.85830554894,-7.72398190045249,-3.26788521076447,6.33125744224815,12.4902476780186,14.3112884020005,5.59902357704215
2017.25,107.91617051679,106.268641343177,106.329876160991,105.522939985711,107.407912598238,-6.27549416527745,-2.39190878780662,6.05198261490831,13.3942069540367,14.2970290545368,7.21831983805668
2017.33333333333,108.521237199333,107.251684924982,107.179780900214,105.851137175518,107.812991188378,-4.88179328411526,-1.7101274112884,5.59916646820672,14.1656644439152,13.6617647058824,9.83385329840438
2017.41666666667,109.143760419147,108.269201000238,107.694969040248,106.367462491069,108.206852822101,-3.51088354370088,-1.10865682305311,5.12158847344606,14.8768278161467,13.0399618956895,13.3587818528221
2017.5,109.766884972613,109.115920457252,107.91383067397,107.076434865444,108.667664920219,-2.28825315551322,-0.523303167420815,4.833120981186,15.3978804477256,12.8718861633722,17.2520659680876
2017.58333333333,110.351744462967,109.778393665158,108.05181590855,107.812437485116,109.186240771612,-1.369415336985,0.0167718504405812,4.7077399380805,15.7516432483925,13.3375327458919,20.9747618480591
2017.66666666667,110.974291497976,110.395838294832,108.410490592998,108.503572279114,109.771112169564,-0.660734698737795,0.509811859966659,4.67005834722553,16.4648666349131,14.3171767087402,24.3185937127888
2017.75,111.622695879971,110.932085020243,109.0455644201,109.148261490831,110.39447487497,-0.122136222910217,1.01801024053346,4.65123243629436,17.7311264586806,15.3753810431055,27.2022803048345
2017.83333333333,112.223041200286,111.39923195999,109.758555608478,109.90588830674,110.929376041915,0.350434627292212,1.58073350797809,4.51729578471064,18.9639140271493,16.2609133126935,29.6522029054537
2017.91666666667,112.578834246249,111.634377232674,110.348481781377,110.759025958562,111.175410812098,0.751006191950464,2.06955227435104,4.36315194093832,19.3871993331746,16.5882531555132,31.3734460585854
2018,112.639027149321,111.513985472732,110.62270183377,111.663544891641,111.026547987616,1.09955941890926,2.36590259585616,4.33276970707311,18.7753453203144,16.5253215051203,31.78528221005
2018.08333333333,112.384216480114,110.955519171231,110.540110740653,112.344599904739,110.477476780186,1.22231483686592,2.3190104786854,4.53570492974518,17.1178137651822,16.6140271493213,30.3785246487259
2018.16666666667,111.896356275304,110.206025244106,110.158978328173,112.448380566802,109.706162181472,1.02178494879733,1.81787330316742,5.20173255537033,14.8698737794713,17.3217373184091,27.302911407478
2018.25,111.290735889498,109.60802572041,109.667188616337,111.84346868302,108.894486782567,0.546296737318409,0.937485115503691,6.31381876637295,12.8908371040724,18.2530721600381,23.1804298642534
2018.33333333333,110.600190521553,109.128393665158,109.231352703025,110.574309359371,108.130912121934,-0.312580376280067,-0.123309121219338,7.60368540128602,11.889205763277,18.6686472969755,18.7187068349607
2018.41666666667,109.85875208383,108.552905453679,108.829006906406,108.974910693022,107.387764944034,-1.58134674922601,-1.25594189092641,8.67189807096928,11.8468028101929,18.3953322219576,14.7307930459633
2018.5,109.039801143129,107.925589426054,108.308460347702,107.328721124077,106.615497737557,-3.21259228387711,-2.39270064301024,9.3089842819719,12.2153608001905,17.4530126220529,11.5762860204811
2018.58333333333,108.076619433198,107.37842938795,107.47886996904,105.875946653965,105.777899499881,-5.07369611812336,-3.66511074065254,9.53396642057633,12.3108120981186,16.0253274589188,8.93847939985711
2018.66666666667,106.932989997618,107.090598952131,106.415783519886,104.633811621815,104.851345558466,-7.05903786615861,-5.0851512264825,9.34651107406525,11.8228328173375,14.1464813050726,6.29205763276971
2018.75,105.782448201953,107.188979518933,105.283948559181,103.636705167897,103.907430340557,-8.91319361752798,-6.58972374374851,8.94181352703024,10.9087639914265,12.4658371040724,3.49830912121934
2018.83333333333,104.744861871874,107.520707311265,104.125279828531,102.851542033818,103.017105263158,-10.5016670635866,-8.03608001905216,8.87068944986902,9.76918313884258,11.4351155036914,0.616515837104073
2018.91666666667,103.934365325077,107.931942129078,103.152304120029,102.284174803525,102.32104667778,-11.6391462252917,-9.09476661109788,9.39249821386044,8.4560907358895,11.0950702548226,-1.90747201714694
2019,103.443212669683,108.436187187426,102.393141224101,102.01721838533,101.89951774232,-12.1567992379138,-9.71212193379376,10.1917658966421,7.1237556561086,11.2367408906883,-3.36296141938557
2019.08333333333,103.189455822815,108.748642533937,102.00173255537,101.881239580853,101.71983805668,-12.199874970231,-10.1557870921648,11.020951417004,6.13737794713027,11.2564777327935,-3.49372469635628
2019.16666666667,103.046618242439,108.744278399619,101.864443915218,101.791134793999,101.660562038581,-12.090479876161,-10.6702310073827,11.5741902834008,5.58073350797809,10.9574065253632,-2.49660038104311
2019.25,102.915712074303,108.47834603477,101.846868301977,101.643569897595,101.694552274351,-12.0489997618481,-11.1158311502739,11.9231781376518,5.32338652060014,10.2547392236247,-0.979667778042391
2019.33333333333,102.693498452012,108.174100976423,101.690450107168,101.31258037628,101.724821386044,-12.2472374374851,-11.575250059538,12.0783400809717,5.23543700881162,9.16436056203858,0.360460824005716
2019.41666666667,102.446005001191,107.873922362467,101.296064539176,101.027649440343,101.752333889021,-12.4120266730174,-12.0030126220529,12.1709633246011,5.41556918313884,7.70414384377233,1.02184448678257
2019.5,102.093200762086,107.466902834008,100.633877113598,100.828929507025,101.656495594189,-12.628935460824,-12.5815491783758,12.5752143367468,5.63698499642772,6.05079780900214,0.913485353655632
2019.58333333333,101.718659204573,107.06879018814,99.7543045963324,100.968057870922,101.334686830198,-12.8406287211241,-13.1503810431055,13.4091688497261,5.64359966658728,4.73174565372708,0.413908073350798
2019.66666666667,101.463318647297,106.84907120743,98.8406763515123,101.589884496309,100.872416051441,-12.8426768278161,-13.4896344367707,14.3065313169802,4.91115741843296,4.2733746130031,0.417605382233865
2019.75,101.936437246964,107.221094308169,98.5426708740176,102.903423434151,100.857799476066,-11.9087223148369,-12.8641581328888,14.4845141700405,4.04620743034056,5.8712431531317,1.58894379614194
2019.83333333333,102.631072874494,108.042569659443,98.8313943796142,104.07060609669,101.05475708502,-10.5966420576328,-11.9417956656347,13.2814896403906,3.99838652060014,7.03097165991903,1.84402834008097
2019.91666666667,102.200541795666,108.592635151226,98.8107585139319,103.853566325316,100.489872588712,-10.5512919742796,-12.3428673493689,10.9474815432246,3.66417004048583,4.86417599428435,-1.9443141224101
2020,99.4638842581567,108.055286973089,97.3992498213861,101.270677542272,98.2421826625387,-13.5231662300548,-15.7082936413432,8.50032745891879,0.595504882114789,-1.12748868778281,-10.8023398428197
2020.08333333333,94.1864253393665,105.903107882829,94.2045487020719,96.1205584663015,94.0501071683734,-20.2387413669921,-22.8507501786139,6.97763157894737,-7.39521909978566,-8.61858775899024,-22.5204096213384
2020.16666666667,87.4389259347464,102.220897832817,89.6621755179805,89.4603417480352,88.5558049535604,-29.7285841867111,-33.4137651821862,6.86640271493213,-19.4602643486544,-13.988330554894,-33.0508811621815
2020.25,81.1834663015003,97.9144915456061,85.0737735175042,83.1567396999286,83.1647118361515,-39.6690700166706,-45.1301321743272,8.05116099071208,-31.9504346272922,-14.5145868063825,-38.5152536318171
2020.33333333333,77.4930876399143,94.3939568944987,81.9291081209812,79.1426946892117,79.5883900928792,-47.2338175756132,-54.8131876637295,9.79003929507025,-40.1926589664206,-9.27914384377233,-36.5399380804954
2020.41666666667,77.4341152655394,92.7034472493451,81.1752857823291,78.4789175994284,78.8668849726125,-50.3163550845439,-59.9119016432484,11.185157180281,-40.5211300309597,-0.432638723505596,-28.9502441057395
2020.5,80.5837461300309,92.9042212431531,82.6184150988331,80.7608656823053,81.1021909978566,-48.6526256251489,-59.8715289354608,11.3312931650393,-32.381483686592,8.23652060014289,-19.5844963086449
2020.58333333333,85.4162657775661,94.0651881400333,85.4874374851155,84.5435341748035,85.4521195522744,-43.6555906168135,-55.8341390807335,10.3262324362944,-18.2888842581567,13.2210050011908,-12.3398368659205
2020.66666666667,89.8805668016194,95.0042271969517,88.7275422719695,87.9432483924744,90.3027566087164,-37.9089842819719,-50.168915217909,8.89599904739224,-3.20735294117647,12.8912895927602,-9.87190997856633
2020.75,92.5928435341748,94.9354846391998,91.5544296261015,89.6691712312455,94.2497737556561,-33.5815075017861,-44.9516253869969,7.79058109073589,7.60665634674923,8.62820909740415,-11.4883900928793
2020.83333333333,93.6014586806382,93.8778221005001,94.0428673493689,89.5556025244106,96.9398011431293,-31.2212848297214,-41.1221421767087,7.28479995236961,11.7105203619909,4.17202310073827,-13.7629018814003
2020.91666666667,94.2826387235056,93.0639914265301,96.9140509645154,88.5432364848773,99.0896522981662,-29.5783281733746,-37.9005179804715,7.10865086925458,11.1487675637056,3.19148011431293,-13.4334127173136
2021,95.3892355322696,93.7641938556799,100.325047630388,87.4000416765897,101.013271016909,-27.6535425101215,-34.8880269111693,6.93718147177899,9.55375089306978,4.97491069302215,-9.92633960466778
2021.08333333333,97.3288342462491,96.7413431769469,104.000190521553,86.8323053107883,103.055703738985,-24.5767623243629,-31.4164443915218,6.34056322934032,9.11498571088354,8.11447368421052,-4.02619075970469
2021.16666666667,100.096552750655,101.677119552274,107.567694689212,87.1464693974756,105.420332221958,-20.2922243391284,-27.2010180995475,5.06150273874732,10.7646522981662,11.617891164563,2.92101690878781
2021.25,103.087949511789,106.982210050012,110.70233984282,87.993141224101,107.974511788521,-15.6366277685163,-22.7236723029293,3.47004048582996,13.6824005715647,14.5801321743272,9.45804358180519
2021.33333333333,105.664562991188,111.155894260538,113.228340080972,88.8880388187664,110.345391759943,-11.5350976422958,-18.9235472731603,1.91637889973803,16.7527447011193,16.5697487497023,14.5927423195999
2021.41666666667,107.481870683496,113.526202667302,115.093254346273,89.7159323648488,112.229346272922,-8.50765063110264,-15.9112705406049,0.589604667778042,18.6965467968564,17.5590974041438,18.1835675160753
2021.5,108.400279828531,114.275488211479,116.392813765182,90.1024767801858,113.434133126935,-6.85244105739462,-14.0663015003572,-0.452726839723744,18.7759883305549,18.1176470588235,20.5562574422482
2021.58333333333,108.584079542748,114.132483924744,117.147957847106,90.1267801857585,113.799124791617,-6.37555370326268,-13.1462491069302,-1.1042391045487,17.7061264586806,18.3377292212432,21.140616813527
2021.66666666667,108.565843057871,113.848481781377,117.39782090974,90.3407597046916,113.637211240772,-6.35370326268159,-12.4680042867349,-1.37332698261491,16.468903310312,18.6924029530841,21.1234401047869
2021.75,108.779661824244,113.909311740891,117.290700166706,91.2847939985711,113.210853774708,-6.11584305787092,-11.3666349130745,-1.31345558466302,15.8022981662301,19.4627113598476,21.0793998571088
2021.83333333333,109.348660395332,114.277048106692,116.923898547273,93.2978864015242,112.743403191236,-5.25959156942129,-9.36684329602286,-0.762294593950941,15.6688497261253,20.5186234817814,20.6032864967849
2021.91666666667,109.966593236485,114.467647058824,116.284752321981,95.9769052155275,112.233686592046,-4.03246010954989,-6.69231959990474,0.339312931650393,15.454560609669,21.1801619433198,18.9394855918076
2022,110.341337223148,113.895272683972,115.486663491307,98.6566444391522,111.651083591331,-2.75688854489164,-3.89081924267683,1.90054179566563,15.0736782567278,20.7893784234342,15.2612884020005
2022.08333333333,110.314068825911,112.521344367707,114.587026673017,100.858573469874,110.909228387711,-1.68472255298881,-1.61491426530126,3.6733746130031,14.5489938080495,19.1480590616814,9.77012383900929
2022.16666666667,109.852161228864,110.77488092403,113.759085496547,102.296064539176,109.84362943558,-1.0501786139557,-0.350833531793284,5.56866515837104,13.7417599428435,16.6239997618481,3.89518933079305
2022.25,108.998696118123,109.164926172898,113.04165277447,102.8016134794,108.456400333413,-1.02264824958323,-0.332597046915933,7.19825553703263,12.559907120743,13.6297689926173,-0.990979995236962
2022.33333333333,107.949964277209,108.153643724696,112.678887830436,102.651833769945,106.755400095261,-1.74132531555132,-1.31545010716837,8.41876041914742,11.4801798047154,10.8574541557514,-4.15509049773756
2022.41666666667,106.810204810669,107.794861871874,112.640057156466,102.251542033818,104.768903310312,-3.31550369135508,-2.96764110502501,9.75516789711836,10.6433555608478,8.97507144558228,-5.56493808049536
2022.5,105.597302929269,107.765849011669,112.744784472493,101.865473922362,102.524303405573,-5.60195284591569,-5.08037628006668,11.8495832341034,9.70956180042867,8.35297094546321,-5.77257680400095
2022.58333333333,104.371284829721,107.564342700643,112.859817813765,101.698190045249,100.268218623482,-8.23497856632532,-7.19560014289116,14.6762562514884,8.33138247201715,8.90141700404858,-5.70505477494642
2022.66666666667,103.17576804001,107.030173850917,112.814045010717,101.462979280781,98.2384674922601,-10.9299773755656,-9.31320552512503,17.7971421767087,6.81320552512503,10.1468683019767,-5.95833531793284
2022.75,102.322326744463,106.144147416051,112.627768516313,101.353834246249,96.7141105025006,-13.1005477494642,-10.9561383662777,20.2905453679447,5.99325434627292,11.6196356275304,-6.54891045487021
2022.83333333333,102.048309121219,104.887002857823,112.417849487973,101.584323648488,95.9987913788998,-14.2608656823053,-11.8784412955466,21.5080435818052,6.30994284353417,12.9451536080019,-6.64891640866873
2022.91666666667,102.168766372946,103.406019290307,112.148457966182,102.045629911884,96.0316801619433,-14.6974458204334,-12.0809835675161,21.2914562991188,7.28749106930222,13.6917599428435,-6.1446951655156
2023,102.356811145511,101.612961419386,111.700351274113,102.472029054537,96.5391700404858,-14.9911347939986,-11.8841390807335,20.0283341271731,8.10875208382948,13.8814062872112,-5.23524648725887
2023.08333333333,102.398410335794,99.5130150035723,111.032531555132,102.967647058824,97.0552929268874,-15.3628661586092,-11.4206299118838,18.2656227673256,8.48378780662063,13.1636401524172,-4.46818290069064
2023.16666666667,102.206483686592,97.2021969516552,110.074095022624,103.659043819957,97.2914622529173,-15.8050190521553,-10.7783877113598,16.7553881876637,8.50533460347702,11.3570254822577,-4.36214574898785
2023.25,101.732126696833,94.8269587997142,108.912919742796,104.43657418433,97.1296201476542,-16.384383186473,-10.3311740890688,15.8698201952846,7.99010478685401,8.99723743748512,-5.05128006668254
2023.33333333333,101.019552274351,92.5239819004525,107.599285544177,105.154495117885,96.6287687544653,-17.0815789473684,-10.2501547987616,15.7193081686116,6.57439271255061,6.81710526315789,-6.15744224815432
2023.41666666667,100.182376756371,90.4075970469159,106.29733865206,105.720439390331,95.9516253869969,-17.7574720171469,-10.4674743986663,15.8404143843772,4.10043462729221,5.17523815194094,-7.32777447011193
2023.5,99.4451595618004,88.7179387949512,105.154816623005,106.247160038104,95.3110502500595,-18.2662955465587,-10.6808585377471,15.7619135508454,1.04265301262205,4.33344844010479,-8.21355084543939
2023.58333333333,98.9039890450107,87.5057989997619,104.165581090736,106.893968802096,94.8009645153608,-18.7183615146463,-10.6414086687307,15.5494701119314,-2.1271314598714,4.40673969992855,-8.5643665158371
2023.66666666667,98.5429566563467,86.5629495117885,103.191343176947,107.623755656109,94.4665396522982,-19.1870504882115,-10.418153131698,15.3108478209097,-4.9355084543939,5.06189568944987,-8.38303762800667
2023.75,98.4600619195047,85.8419385567992,102.301786139557,108.501476542034,94.3348237675637,-19.4782745891879,-9.99178971183615,14.6897951893308,-6.7101512264825,5.97344010478685,-8.03160276256252
2023.83333333333,98.7401107406525,85.5859728506787,101.432686353894,109.6040307216,94.3559895213146,-19.3642712550607,-9.38475232198142,13.6160752560133,-6.94299237913789,6.95074422481543,-7.79642772088593
2023.91666666667,99.3677065968088,85.9840319123601,100.647076684925,110.77145153608,94.6109430816861,-18.7139497499405,-8.58343057870922,12.1664324839247,-5.78313288878304,7.83369849964277,-7.77414860681115
2024,100.18496070493,87.003036437247,100.04024172422,111.868754465349,95.1339187901881,-17.7106930221481,-7.53402000476304,10.8558109073589,-3.72673255537033,8.36662895927602,-7.7944927363658
2024.08333333333,100.755025005954,88.3257144558228,99.600625148845,112.283621100262,95.7559061681353,-16.9151762324363,-6.83403191236008,9.98132888783043,-1.71163372231484,8.08417480352465,-8.02756013336509
2024.16666666667,100.868474636818,89.6015718028102,99.2052155275066,111.772832817337,96.2781674208145,-16.5426053822339,-6.88644320076209,9.47439866634913,-0.561234817813765,7.07752441057395,-8.65517980471541
2024.25,100.694147416051,90.7246546796856,98.8708323410336,111.067926887354,96.5073886639676,-16.3190342938795,-7.12589306977852,9.05373898547273,-0.357293403191236,5.49055132174327,-9.679822576804
2024.33333333333,100.188598475828,91.685157180281,98.4710169087878,110.266753989045,96.352423195999,-16.3933079304596,-7.59529649916647,8.87591093117409,-1.32719099785663,3.61091926649202,-10.8879376041915
2024.41666666667,99.3691712312455,92.5662598237676,98.002411288402,108.994409383186,95.8888544891641,-17.017766134794,-8.81968921171708,8.8355084543939,-3.21582519647535,2.18796737318409,-11.8457370802572
2024.5,98.4122171945701,93.4593534174804,97.4971064539176,107.570868063825,95.214854727316,-17.9424327220767,-10.5382412479162,9.0970052393427,-5.77407120743034,1.55831745653727,-12.4761609907121
2024.58333333333,97.4807275541796,94.3637651821862,97.1044891640867,106.16100857347,94.4750357227911,-19.0008930697785,-12.3812633960467,9.69423672302929,-8.30321505120267,1.57057037389855,-12.9285663253156
2024.66666666667,96.7120683496071,95.2978209097404,96.7388009049774,104.887020719219,93.8570671588473,-20.1325315551322,-14.094540366754,10.5496189568945,-9.87594665396523,1.90484043819957,-13.4194986901643
2024.75,96.1037568468683,96.1367468444868,96.4115086925458,103.653292450583,93.4605977613718,-21.4806025244106,-15.5948975946654,11.3349785663253,-10.1142891164563,2.18782448201953,-13.8855977613718
2024.83333333333,95.785532269588,96.7626637294594,96.1241664682067,102.507412479162,93.3703679447488,-22.7496308644915,-16.8046677780424,11.6202667301738,-8.99702310073827,2.54695760895451,-14.3377530364372
2024.91666666667,95.9033638961657,97.1024886877828,96.1383603238866,101.589545129793,93.597326744463,-23.4845737080257,-17.5631162181472,11.0015718028102,-6.88540128602048,3.25185758513932,-14.7771433674684
2025,96.3936175279829,97.1748452012384,96.530197666111,101.014306977852,94.0056025244106,-23.6280840676352,-17.8035663253155,9.74543343653251,-4.33471064539176,4.31637889973803,-15.0429745177423
2025.08333333333,97.0097939985711,97.1130626339605,97.3222731602762,100.737080257204,94.42907239819,-23.2850976422958,-17.6204810669207,8.66752202905454,-2.02051083591331,5.17770897832817,-14.897713741367
2025.16666666667,97.511806382472,96.9350797809002,98.2753989045011,100.8310490593,94.7232853060252,-22.6073827101691,-17.1909561800429,8.34240295308407,-0.201018099547511,5.00687663729459,-14.2224339128364
2025.25,97.5681233627054,96.7118659204573,99.0460109549893,100.722922124315,94.8147832817337,-22.0408073350798,-17.2098833055489,8.99202190997856,1.02898309121219,3.22586925458442,-13.4225946653965
2025.33333333333,97.353435341748,96.5222493450821,99.5115682305311,100.759782090974,94.7741902834008,-21.5042271969517,-17.1951952845916,10.4271135984758,1.26066920695404,0.866492021909979,-12.8263336508693
2025.41666666667,97.1276077637532,96.2948380566801,99.7804417718504,101.170284591569,94.7311026434865,-20.9578054298643,-16.7170457251727,12.1562514884496,0.118194808287687,-0.504507025482258,-12.5563110264349
2025.5,96.9634317694689,95.9233746130031,100.15838890212,101.652697070731,94.7473207906644,-20.6267266015718,-15.9113538937842,14.1074243867588,-2.1518516313408,-0.142587520838295,-12.4291378899738
2025.58333333333,97.1745236961181,95.3986246725411,100.812389854727,102.210157180281,94.9717135032151,-20.2533996189569,-14.8653369849964,15.7377173136461,-4.35396522981662,2.29676113360324,-12.0800130983568
2025.66666666667,97.9783996189569,94.7791795665635,101.662693498452,103.334377232674,95.4172064777328,-19.436431293165,-13.2690878780662,16.658132888783,-5.45501905215527,6.12254108120981,-11.3160514408192
2025.75,99.2180519171231,94.1295248868778,102.402834008097,104.928447249345,96.0501845677542,-18.3163015003572,-11.3553107882829,16.6344546320552,-4.92025482257681,10.068403191236,-10.0389021195523
2025.83333333333,100.489997618481,93.6562157656585,102.750464396285,106.561657537509,96.7286496784949,-17.1968206715885,-9.63480590616814,15.7689092641105,-3.16530126220529,12.8845975232198,-8.61509883305549
2025.91666666667,101.421064539176,93.6174863062634,102.67709573708,107.54624910693,97.408996189569,-16.4001428911646,-8.63172779233151,14.3601095498928,-0.737502976899262,13.8553703262682,-7.59240890688259
2026,101.881525363182,94.0700166706359,102.282406525363,107.586675398904,98.0766908787807,-15.9030066682543,-8.4856096689688,13.0359133126935,1.63013217432722,13.2965229816623,-7.64423076923077
2026.08333333333,101.836812336271,94.808109073589,102.028363896166,106.614015241724,98.6580614432008,-15.6573469873779,-9.12261252679209,12.2453619909502,3.43350797809002,11.4745475113122,-8.91645034532031
2026.16666666667,101.480173508652,95.6492422159545,102.244229702529,105.057656781131,99.0808833633152,-15.5124904492119,-10.086575177025,12.1325476354782,4.42935724184879,9.17905895537493,-10.9004490715076
2026.25,101.115177764403,96.4178052743542,102.94651978881,103.600059738735,99.3488040018208,-15.1805648969838,-10.8838812725031,12.5119085797308,4.8022723532415,7.05271826570276,-12.7568155851565
2026.33333333333,100.961516284386,97.052118967838,103.710172145292,102.659451809212,99.5491530617303,-14.5837247241755,-11.3558983854575,12.6731384092056,5.27748205413259,5.20664807303523,-13.826092743695
2026.41666666667,101.100776132715,97.5628763528183,104.256479313364,102.437252492284,99.7422838935621,-13.7651772336221,-11.3507648159097,12.2498483048102,5.97530928616715,3.8975636700751,-14.0296116728515
2026.5,101.381496094997,97.9337097280125,104.617777525333,102.67788017571,99.9058471212083,-12.9412087319217,-11.026041572203,11.4614858679182,6.54458219251336,3.12519520269511,-13.6794208348236
2026.58333333333,101.897039032268,98.269195787391,104.6400662324,103.320948443227,100.186516865844,-11.8871609087203,-10.4271290486804,10.1896260709425,7.00865666220738,3.1376229379861,-12.9644235401225
