"time","conso_b","conso_bf","conso_c2","conso_de","conso_petr","conso_cz","conso_c1htb","conso_dec2","conso_autres","conso_log","conso_c1","conso_textile","conso_enhc2","conso_bd","conso_c4","conso_bdep"
1980,27.167,9.491,4.134,2.403,4.818,22.693,9.83,6.556,2.852,0.375,12.273,4.031,1.685,3.192,3.119,0.745
1980.08333333333,27.298,9.504,4.186,2.412,4.874,22.811,9.898,6.616,2.864,0.362,12.373,4.033,1.69,3.194,3.268,0.712
1980.16666666667,26.42,8.94,4.153,2.42,4.845,21.982,9.863,6.593,2.811,0.343,12.322,3.663,1.694,3.01,3.119,0.633
1980.25,26.431,8.967,4.171,2.428,4.866,21.994,9.83,6.618,2.822,0.3,12.263,3.795,1.698,2.956,3.378,0.605
1980.33333333333,25.999,8.589,4.176,2.434,4.873,21.577,9.946,6.63,2.84,0.288,12.412,3.854,1.703,2.647,2.799,0.595
1980.41666666667,25.745,8.46,4.203,2.44,4.901,21.344,9.826,6.662,2.807,0.281,12.299,3.69,1.708,2.656,2.901,0.576
1980.5,26.323,8.951,4.128,2.445,4.828,21.886,9.769,6.595,2.857,0.313,12.169,3.996,1.713,2.823,2.994,0.593
1980.58333333333,26.38,8.931,4.138,2.45,4.837,21.933,9.906,6.61,2.842,0.328,12.272,3.851,1.718,2.891,3.044,0.581
1980.66666666667,26.463,8.898,4.212,2.454,4.908,22.004,9.988,6.685,2.846,0.339,12.383,3.712,1.723,2.937,3.061,0.577
1980.75,26.74,9.071,4.203,2.457,4.897,22.259,10.012,6.68,2.851,0.342,12.419,4.001,1.728,2.909,2.977,0.575
1980.83333333333,26.576,9.002,4.191,2.459,4.882,22.109,9.95,6.671,2.839,0.344,12.344,4.031,1.734,2.851,2.831,0.58
1980.91666666667,26.465,8.859,4.231,2.46,4.917,21.996,10.009,6.711,2.854,0.326,12.44,3.834,1.739,2.843,2.966,0.57
1981,26.708,8.977,4.285,2.439,4.952,22.238,10.045,6.74,2.859,0.333,12.509,3.932,1.734,2.874,2.998,0.563
1981.08333333333,26.355,8.871,4.109,2.376,4.751,21.946,9.996,6.504,2.864,0.325,12.452,3.865,1.698,2.83,2.961,0.567
1981.16666666667,26.214,8.915,4.078,2.284,4.652,21.881,9.861,6.376,2.858,0.309,12.288,3.993,1.67,2.8,3.028,0.559
1981.25,26.698,9.049,4.132,2.355,4.747,22.278,10.094,6.503,2.868,0.315,12.567,4.03,1.702,2.87,3.115,0.571
1981.33333333333,27.043,9.236,4.178,2.533,4.863,22.488,9.993,6.738,2.826,0.354,12.454,3.791,1.816,3.145,3.35,0.625
1981.41666666667,27.309,9.35,4.265,2.5,4.945,22.752,10.063,6.786,2.821,0.364,12.546,3.969,1.784,3.138,3.216,0.654
1981.5,27.242,9.268,4.249,2.51,4.949,22.676,10.107,6.781,2.862,0.364,12.622,4.136,1.775,2.976,2.883,0.634
1981.58333333333,26.92,9.133,4.089,2.515,4.776,22.356,10.148,6.633,2.847,0.351,12.586,3.92,1.799,2.996,3.034,0.627
1981.66666666667,27.183,9.374,4.089,2.494,4.772,22.619,10.066,6.609,2.885,0.35,12.488,4.165,1.78,3.023,3.114,0.622
1981.75,27.572,9.571,4.14,2.519,4.842,22.964,10.109,6.687,2.896,0.374,12.555,4.168,1.787,3.156,3.187,0.648
1981.83333333333,27.326,9.311,4.2,2.553,4.9,22.7,10.174,6.781,2.885,0.357,12.652,4.065,1.823,3.029,3.069,0.623
1981.91666666667,27.506,9.407,4.246,2.52,4.947,22.887,10.169,6.789,2.909,0.35,12.698,4.131,1.785,3.052,3.162,0.629
1982,27.548,9.509,4.12,2.476,4.818,22.956,10.147,6.621,2.943,0.34,12.717,4.102,1.747,3.121,3.417,0.612
1982.08333333333,27.595,9.679,4.139,2.312,4.775,23.114,10.145,6.464,2.939,0.35,12.599,4.264,1.633,3.162,3.413,0.629
1982.16666666667,28.059,9.849,4.187,2.535,4.889,23.39,10.194,6.749,2.932,0.357,12.632,4.136,1.803,3.35,3.743,0.649
1982.25,28.164,9.771,4.243,2.508,4.952,23.492,10.41,6.773,2.955,0.372,12.903,4.237,1.764,3.232,3.371,0.647
1982.33333333333,27.84,9.649,4.175,2.536,4.877,23.173,10.245,6.739,2.978,0.342,12.732,4.414,1.805,3.045,3.273,0.587
1982.41666666667,28.784,10.341,4.206,2.489,4.896,24.104,10.193,6.717,2.931,0.461,12.69,4.168,1.765,3.683,3.499,0.781
1982.5,28.157,9.799,4.255,2.52,4.96,23.483,10.298,6.798,2.97,0.391,12.816,4.081,1.781,3.322,3.397,0.669
1982.58333333333,28.187,9.86,4.201,2.538,4.922,23.505,10.254,6.765,2.978,0.368,12.766,4.299,1.787,3.253,3.419,0.665
1982.66666666667,27.958,9.674,4.186,2.535,4.894,23.288,10.304,6.747,2.977,0.371,12.834,3.903,1.797,3.319,3.541,0.668
1982.75,28.909,10.229,4.204,2.623,4.957,24.122,10.391,6.859,2.974,0.41,12.943,4.385,1.845,3.473,3.566,0.682
1982.83333333333,28.238,9.892,4.127,2.54,4.84,23.549,10.296,6.697,3.022,0.364,12.839,4.063,1.801,3.369,3.75,0.637
1982.91666666667,28.703,10.103,4.107,2.581,4.847,23.953,10.456,6.721,2.988,0.376,13.038,4.357,1.819,3.39,3.689,0.648
1983,28.374,9.905,4.169,2.554,4.884,23.665,10.393,6.751,2.992,0.371,12.947,4.274,1.81,3.289,3.52,0.639
1983.08333333333,28.191,9.741,4.18,2.663,4.945,23.409,10.354,6.881,3,0.361,12.886,4.166,1.877,3.222,3.484,0.613
1983.16666666667,28.699,10.053,4.269,2.566,4.985,23.951,10.433,6.861,2.969,0.384,12.998,4.441,1.818,3.323,3.469,0.658
1983.25,28.261,9.76,4.281,2.762,5.064,23.401,10.244,7.084,2.968,0.363,12.749,4.076,1.959,3.298,3.63,0.615
1983.33333333333,28.056,9.656,4.239,2.735,5.021,23.225,10.231,7.014,2.976,0.35,12.736,4.087,1.935,3.214,3.553,0.609
1983.41666666667,28.237,9.765,4.21,2.589,4.941,23.496,10.392,6.828,2.955,0.329,12.955,4.353,1.83,3.169,3.634,0.59
1983.5,27.878,9.569,4.181,2.628,4.918,23.121,10.313,6.843,2.959,0.334,12.827,4.112,1.867,3.148,3.548,0.594
1983.58333333333,27.978,9.591,4.22,2.641,4.965,23.212,10.327,6.895,2.958,0.357,12.87,4.056,1.872,3.193,3.463,0.606
1983.66666666667,28.197,9.642,4.24,2.67,4.999,23.398,10.44,6.945,2.957,0.354,13.02,4.2,1.888,3.157,3.408,0.603
1983.75,27.893,9.484,4.233,2.699,4.987,23.086,10.318,6.97,2.97,0.339,12.888,4.029,1.924,3.123,3.458,0.595
1983.83333333333,28.452,9.79,4.274,2.721,5.039,23.592,10.408,7.032,2.952,0.344,12.999,4.192,1.934,3.27,3.723,0.607
1983.91666666667,28.136,9.643,4.201,2.77,4.985,23.254,10.301,7.015,2.98,0.344,12.87,4.06,1.971,3.215,3.633,0.588
1984,28.176,9.534,4.285,2.782,5.054,23.264,10.466,7.11,2.978,0.358,13.036,4.146,1.995,3.096,3.249,0.603
1984.08333333333,28.194,9.534,4.279,2.781,5.053,23.275,10.479,7.104,2.976,0.352,13.067,4.161,1.989,3.088,3.277,0.601
1984.16666666667,28.187,9.419,4.248,2.886,5.051,23.182,10.567,7.189,2.97,0.346,13.193,4.015,2.075,3.084,3.319,0.594
1984.25,28.414,9.562,4.254,2.824,5.021,23.434,10.649,7.127,2.975,0.338,13.289,4.33,2.045,3.022,3.258,0.585
1984.33333333333,28.115,9.319,4.236,2.994,5.139,23.023,10.556,7.296,2.991,0.35,13.182,3.775,2.094,3.124,3.377,0.597
1984.41666666667,28.48,9.577,4.305,2.872,5.149,23.448,10.635,7.228,2.974,0.354,13.251,4.219,2.018,3.09,3.257,0.608
1984.5,28.176,9.405,4.237,2.849,5.074,23.175,10.626,7.138,2.969,0.347,13.254,4.047,2.003,3.058,3.258,0.593
1984.58333333333,28.485,9.628,4.23,2.833,5.063,23.479,10.627,7.115,3.012,0.341,13.271,4.134,1.99,3.15,3.494,0.6
1984.66666666667,28.539,9.656,4.23,2.956,5.107,23.442,10.527,7.248,2.98,0.334,13.161,4.468,2.078,3.016,3.256,0.598
1984.75,27.912,9.221,4.236,2.892,5.075,22.88,10.595,7.185,2.987,0.315,13.203,3.973,2.047,2.953,3.279,0.582
1984.83333333333,27.701,9.218,4.177,2.727,4.927,22.8,10.56,6.948,3.002,0.324,13.151,3.91,1.961,2.977,3.243,0.594
1984.91666666667,28.155,9.367,4.214,2.884,5.037,23.116,10.601,7.154,3.003,0.326,13.282,4.109,2.055,2.98,3.231,0.596
1985,28.144,9.011,4.236,3.401,5.247,22.724,10.646,7.743,3.029,0.278,13.37,4.051,2.422,2.736,3.155,0.524
1985.08333333333,28.353,9.421,4.263,2.886,5.093,23.315,10.698,7.204,3.016,0.336,13.399,4.007,2.049,3.066,3.357,0.592
1985.16666666667,28.587,9.538,4.154,3.074,5.021,23.406,10.699,7.306,3.019,0.35,13.394,4,2.217,3.153,3.416,0.611
1985.25,28.324,9.416,4.187,2.946,5.045,23.257,10.669,7.198,2.993,0.338,13.375,4.132,2.089,3.008,3.196,0.604
1985.33333333333,28.55,9.467,4.194,3.115,5.102,23.349,10.715,7.39,3.06,0.328,13.397,4.08,2.22,3.036,3.378,0.574
1985.41666666667,28.793,9.76,4.185,3.009,5.065,23.667,10.637,7.265,3.016,0.381,13.29,4.005,2.135,3.314,3.442,0.678
1985.5,28.575,9.601,4.222,3.011,5.097,23.456,10.613,7.303,3.016,0.354,13.262,4.083,2.141,3.156,3.385,0.617
1985.58333333333,28.638,9.573,4.237,2.973,5.109,23.531,10.742,7.274,3.062,0.354,13.427,4.035,2.101,3.136,3.341,0.616
1985.66666666667,28.461,9.405,4.305,2.997,5.147,23.341,10.718,7.365,3.05,0.357,13.418,3.721,2.153,3.188,3.432,0.618
1985.75,28.895,9.703,4.317,2.953,5.201,23.783,10.762,7.328,3.072,0.363,13.474,4.158,2.065,3.16,3.326,0.621
1985.83333333333,29.618,10.012,4.297,3.333,5.32,24.179,10.763,7.726,3.084,0.355,13.475,4.603,2.336,3.141,3.375,0.599
1985.91666666667,28.593,9.525,4.221,3.005,5.101,23.455,10.733,7.294,3.072,0.369,13.438,3.958,2.128,3.136,3.217,0.631
1986,29.053,9.707,4.309,3.107,5.209,23.805,10.81,7.49,3.109,0.364,13.521,4.016,2.214,3.221,3.448,0.62
1986.08333333333,29.232,9.609,4.339,3.426,5.373,23.723,10.864,7.86,3.084,0.36,13.582,4.089,2.418,3.122,3.292,0.602
1986.16666666667,29.501,9.982,4.383,3.128,5.264,24.198,10.795,7.584,3.137,0.382,13.513,4.289,2.252,3.257,3.388,0.633
1986.25,29.882,9.947,4.38,3.628,5.453,24.177,10.843,8.115,3.119,0.395,13.566,4.032,2.593,3.383,3.571,0.63
1986.33333333333,30.174,10.386,4.388,3.057,5.241,24.867,10.979,7.512,3.134,0.391,13.728,4.525,2.204,3.427,3.684,0.635
1986.41666666667,29.471,9.932,4.359,3.111,5.223,24.159,10.912,7.542,3.157,0.367,13.61,4.091,2.251,3.318,3.633,0.62
1986.5,29.504,9.936,4.457,3.127,5.361,24.19,10.833,7.654,3.139,0.383,13.533,4.096,2.224,3.329,3.53,0.636
1986.58333333333,30.089,10.312,4.485,3.014,5.325,24.829,10.964,7.561,3.127,0.386,13.705,4.351,2.167,3.472,3.806,0.639
1986.66666666667,29.923,10.102,4.354,3.222,5.279,24.515,11.028,7.656,3.157,0.373,13.786,4.275,2.309,3.342,3.651,0.619
1986.75,29.623,10.033,4.283,3.038,5.147,24.376,11.022,7.391,3.145,0.387,13.776,4.093,2.177,3.398,3.64,0.644
1986.83333333333,29.89,10.205,4.317,3.047,5.186,24.622,11.018,7.433,3.153,0.398,13.767,4.269,2.18,3.424,3.627,0.638
1986.91666666667,30.283,10.328,4.38,3.155,5.306,24.905,11.118,7.61,3.171,0.387,13.889,4.291,2.236,3.492,3.857,0.631
1987,30.105,9.88,4.301,3.647,5.424,24.376,11.268,8.092,3.168,0.355,14.073,4.273,2.577,3.173,3.46,0.585
1987.08333333333,30.255,10.279,4.314,3.248,5.262,24.814,11.105,7.652,3.185,0.401,13.889,4.104,2.318,3.553,3.877,0.639
1987.16666666667,30.184,10.214,4.336,3.439,5.324,24.62,10.955,7.888,3.181,0.406,13.713,3.982,2.479,3.576,3.901,0.629
1987.25,30.954,10.773,4.339,3.092,5.196,25.579,11.218,7.5,3.231,0.409,14.002,4.59,2.237,3.622,3.951,0.649
1987.33333333333,30.36,10.188,4.332,3.407,5.351,24.79,11.236,7.849,3.216,0.409,14.033,3.972,2.419,3.543,3.791,0.645
1987.41666666667,30.571,10.367,4.384,3.302,5.379,25.06,11.224,7.778,3.271,0.399,14.031,4.185,2.329,3.526,3.814,0.651
1987.5,30.909,10.54,4.396,3.285,5.393,25.385,11.333,7.77,3.246,0.4,14.156,4.353,2.309,3.573,3.927,0.635
1987.58333333333,30.431,10.307,4.356,3.209,5.274,24.981,11.294,7.647,3.246,0.4,14.075,4.024,2.302,3.585,3.961,0.628
1987.66666666667,30.178,10.18,4.318,3.19,5.241,24.749,11.259,7.591,3.292,0.419,14.031,3.854,2.28,3.561,3.779,0.637
1987.75,31.386,10.94,4.311,3.213,5.253,25.873,11.359,7.61,3.262,0.414,14.161,4.303,2.287,3.889,4.5,0.634
1987.83333333333,31.096,10.699,4.354,3.189,5.277,25.608,11.408,7.622,3.28,0.417,14.229,4.256,2.276,3.727,4.141,0.634
1987.91666666667,31.297,10.823,4.346,3.188,5.275,25.795,11.433,7.614,3.326,0.426,14.265,4.275,2.27,3.782,4.18,0.646
1988,30.925,10.67,4.329,2.977,5.163,25.567,11.422,7.37,3.32,0.435,14.261,4.198,2.151,3.717,3.974,0.655
1988.08333333333,31.005,10.578,4.392,3.164,5.299,25.514,11.454,7.634,3.314,0.426,14.324,4.158,2.27,3.674,3.956,0.647
1988.16666666667,31.105,10.626,4.388,3.321,5.3,25.509,11.358,7.803,3.347,0.437,14.221,3.996,2.42,3.785,4.102,0.653
1988.25,31.306,10.835,4.362,3.129,5.228,25.812,11.47,7.568,3.372,0.443,14.279,4.247,2.271,3.783,4.056,0.656
1988.33333333333,31.1,10.716,4.379,3.144,5.251,25.606,11.463,7.6,3.36,0.452,14.209,4.005,2.28,3.84,4.104,0.663
1988.41666666667,31.092,10.657,4.371,3.14,5.259,25.598,11.532,7.588,3.388,0.451,14.324,4.185,2.263,3.677,3.781,0.66
1988.5,31.614,10.978,4.385,3.15,5.268,26.082,11.558,7.613,3.38,0.455,14.373,4.07,2.277,3.987,4.387,0.668
1988.58333333333,31.653,10.913,4.398,3.171,5.278,26.107,11.675,7.648,3.416,0.448,14.524,4.217,2.3,3.834,4.099,0.677
1988.66666666667,31.69,10.917,4.432,3.22,5.313,26.104,11.645,7.734,3.421,0.452,14.491,4.196,2.347,3.846,4.109,0.673
1988.75,31.496,10.792,4.432,3.202,5.317,25.933,11.634,7.715,3.44,0.442,14.494,4.101,2.326,3.796,4.078,0.664
1988.83333333333,31.836,10.949,4.484,3.256,5.392,26.216,11.663,7.822,3.479,0.434,14.55,4.076,2.358,3.906,4.369,0.657
1988.91666666667,32.108,11.292,4.426,3.09,5.259,26.589,11.595,7.585,3.415,0.431,14.442,4.045,2.261,4.217,5.009,0.67
1989,32.077,11.166,4.46,3.167,5.344,26.503,11.708,7.702,3.502,0.442,14.548,4.139,2.293,4.022,4.503,0.692
1989.08333333333,31.985,11.116,4.484,3.061,5.328,26.486,11.725,7.608,3.472,0.444,14.602,4.154,2.223,3.991,4.415,0.7
1989.16666666667,32.495,11.335,4.508,3.037,5.293,26.969,11.915,7.605,3.501,0.444,14.857,4.455,2.249,3.964,4.318,0.731
1989.25,32.414,11.244,4.426,3.4,5.412,26.673,11.739,7.926,3.545,0.469,14.658,4.08,2.433,4.09,4.454,0.708
1989.33333333333,32.501,11.437,4.457,3.185,5.332,26.895,11.685,7.72,3.544,0.497,14.568,4.354,2.319,4.076,4.266,0.697
1989.41666666667,32.16,11.077,4.467,3.233,5.38,26.532,11.873,7.781,3.563,0.42,14.769,4.134,2.332,3.922,4.408,0.711
1989.5,32.261,11.171,4.457,3.243,5.353,26.626,11.818,7.783,3.538,0.429,14.717,4.03,2.357,4.068,4.647,0.714
1989.58333333333,32.941,11.646,4.451,3.236,5.368,27.272,11.807,7.769,3.568,0.526,14.706,4.245,2.331,4.284,4.453,0.734
1989.66666666667,32.827,11.468,4.495,3.237,5.384,27.152,11.943,7.812,3.568,0.483,14.866,4.081,2.356,4.246,4.63,0.744
1989.75,32.668,11.466,4.491,3.182,5.372,27.05,11.804,7.748,3.591,0.467,14.712,4.1,2.31,4.22,4.689,0.739
1989.83333333333,33.119,11.623,4.458,3.263,5.362,27.409,12.019,7.806,3.552,0.494,14.957,4.314,2.37,4.236,4.516,0.763
1989.91666666667,32.776,11.508,4.432,3.237,5.331,27.118,11.856,7.752,3.594,0.479,14.769,4.165,2.347,4.213,4.576,0.753
1990,33.008,11.579,4.514,3.274,5.412,27.328,11.911,7.87,3.592,0.475,14.845,4.155,2.384,4.274,4.761,0.728
1990.08333333333,32.988,11.682,4.432,2.968,5.238,27.486,12.001,7.464,3.611,0.462,14.958,4.339,2.169,4.232,4.753,0.729
1990.16666666667,33.49,11.845,4.468,3.213,5.311,27.787,12.09,7.76,3.611,0.483,15.061,4.428,2.374,4.302,4.702,0.776
1990.25,33.133,11.504,4.485,3.556,5.495,27.26,11.977,8.142,3.638,0.487,14.928,4.213,2.558,4.156,4.401,0.765
1990.33333333333,33.533,11.91,4.475,3.248,5.365,27.808,12,7.805,3.646,0.486,14.955,4.474,2.366,4.304,4.701,0.766
1990.41666666667,33.181,11.539,4.496,3.374,5.428,27.389,12.118,7.959,3.633,0.482,15.075,4.205,2.452,4.19,4.52,0.749
1990.5,33.221,11.559,4.519,3.389,5.47,27.396,12.11,7.998,3.67,0.49,15.059,4.227,2.449,4.171,4.408,0.764
1990.58333333333,33.406,11.681,4.568,3.404,5.514,27.599,12.059,8.061,3.654,0.497,15.016,4.225,2.468,4.274,4.564,0.772
1990.66666666667,33.072,11.555,4.412,3.417,5.383,27.297,11.977,7.923,3.659,0.497,14.931,4.219,2.457,4.179,4.386,0.765
1990.75,33.408,11.786,4.376,3.309,5.269,27.645,12.08,7.773,3.732,0.525,15.056,4.228,2.422,4.308,4.459,0.778
1990.83333333333,33.497,11.72,4.413,3.472,5.39,27.616,12.137,7.983,3.705,0.524,15.127,4.304,2.506,4.228,4.271,0.8
1990.91666666667,33.864,11.812,4.497,3.649,5.534,27.857,12.203,8.253,3.715,0.525,15.209,4.422,2.624,4.222,4.22,0.824
1991,33.529,11.548,4.599,3.504,5.593,27.607,12.296,8.196,3.72,0.507,15.316,4.13,2.521,4.193,4.313,0.797
1991.08333333333,33.465,11.535,4.448,3.778,5.521,27.401,12.148,8.334,3.694,0.498,15.141,4.343,2.712,4.068,4.127,0.789
1991.16666666667,33.488,11.719,4.427,3.334,5.335,27.701,12.212,7.85,3.704,0.508,15.227,4.453,2.434,4.136,4.187,0.798
1991.25,33.224,11.535,4.477,3.608,5.51,27.297,11.958,8.185,3.668,0.488,14.947,4.296,2.586,4.111,4.257,0.799
1991.33333333333,33.657,11.505,4.563,3.904,5.718,27.487,12.233,8.58,3.709,0.511,15.245,4.19,2.762,4.13,4.149,0.807
1991.41666666667,33.417,11.678,4.511,3.617,5.598,27.497,11.956,8.228,3.73,0.52,14.894,4.304,2.546,4.181,4.146,0.843
1991.5,33.567,11.692,4.534,3.617,5.602,27.639,12.073,8.251,3.776,0.513,15.046,4.342,2.564,4.141,4.142,0.82
1991.58333333333,33.264,11.395,4.555,3.592,5.599,27.374,12.184,8.245,3.755,0.492,15.219,4.054,2.56,4.101,4.195,0.814
1991.66666666667,33.037,11.255,4.538,3.568,5.57,27.162,12.169,8.203,3.77,0.489,15.223,3.895,2.548,4.082,4.16,0.824
1991.75,33.556,11.56,4.554,3.752,5.654,27.552,12.15,8.412,3.748,0.492,15.148,4.381,2.665,4.033,4.04,0.824
1991.83333333333,33.252,11.426,4.576,3.686,5.631,27.338,12.05,8.364,3.785,0.485,15.042,4.196,2.641,4.022,4.1,0.796
1991.91666666667,33.512,11.45,4.582,3.766,5.656,27.491,12.23,8.454,3.789,0.489,15.265,4.157,2.702,4.061,4.127,0.816
1992,33.548,11.487,4.586,3.825,5.67,27.498,12.162,8.522,3.744,0.492,15.185,4.144,2.751,4.125,4.229,0.821
1992.08333333333,33.774,11.705,4.595,3.662,5.621,27.821,12.183,8.358,3.741,0.514,15.204,4.236,2.645,4.238,4.262,0.872
1992.16666666667,32.852,11.277,4.551,3.668,5.555,26.964,11.861,8.321,3.751,0.484,14.835,4.022,2.669,4.033,4.104,0.814
1992.25,33.548,11.53,4.571,3.773,5.636,27.525,12.137,8.452,3.746,0.488,15.161,4.284,2.717,4.07,4.119,0.841
1992.33333333333,33.553,11.617,4.527,3.649,5.518,27.597,12.181,8.277,3.734,0.498,15.148,4.321,2.662,4.121,4.135,0.859
1992.41666666667,33.294,11.476,4.535,3.653,5.549,27.359,12.097,8.289,3.731,0.508,15.066,4.037,2.645,4.19,4.194,0.877
1992.5,33.601,11.568,4.538,3.681,5.583,27.593,12.267,8.323,3.721,0.513,15.268,4.199,2.646,4.166,4.142,0.859
1992.58333333333,33.666,11.579,4.551,3.675,5.571,27.654,12.319,8.329,3.703,0.504,15.329,4.212,2.662,4.177,4.216,0.858
1992.66666666667,33.522,11.568,4.557,3.679,5.594,27.541,12.159,8.338,3.745,0.495,15.15,4.24,2.651,4.127,4.175,0.853
1992.75,33.996,11.689,4.538,4.041,5.739,27.755,12.239,8.705,3.729,0.499,15.236,4.405,2.858,4.127,4.152,0.852
1992.83333333333,33.097,11.304,4.537,3.659,5.566,27.159,12.141,8.297,3.696,0.493,15.128,4.01,2.638,4.094,4.124,0.853
1992.91666666667,34.35,12.036,4.538,3.648,5.571,28.341,12.329,8.287,3.782,0.501,15.394,4.182,2.624,4.504,4.879,0.851
1993,32.79,11.062,4.535,3.583,5.543,26.938,12.246,8.212,3.673,0.501,15.259,4.195,2.583,3.802,3.512,0.857
1993.08333333333,33.031,11.174,4.559,3.799,5.652,27.016,12.231,8.47,3.739,0.499,15.146,4.08,2.719,3.923,3.755,0.858
1993.16666666667,32.925,11.16,4.557,3.787,5.633,26.956,12.134,8.456,3.72,0.489,15.045,4.128,2.723,3.893,3.795,0.824
1993.25,33.319,11.333,4.546,3.64,5.58,27.388,12.407,8.284,3.799,0.503,15.377,4.157,2.616,3.962,3.806,0.861
1993.33333333333,32.757,10.996,4.513,3.709,5.556,26.814,12.301,8.328,3.746,0.473,15.244,4.112,2.675,3.759,3.673,0.782
1993.41666666667,33.583,11.496,4.599,3.715,5.671,27.581,12.358,8.416,3.7,0.548,15.303,4.159,2.656,4.148,3.756,0.99
1993.5,33.377,11.36,4.516,3.72,5.613,27.388,12.379,8.342,3.719,0.519,15.353,4.085,2.64,4.077,3.915,0.878
1993.58333333333,33.13,11.253,4.463,3.764,5.56,27.128,12.276,8.341,3.728,0.512,15.234,4.128,2.682,3.961,3.756,0.856
1993.66666666667,33.325,11.366,4.409,3.816,5.537,27.277,12.3,8.346,3.741,0.519,15.27,4.17,2.706,4.014,3.818,0.858
1993.75,33.55,11.353,4.485,3.943,5.646,27.392,12.405,8.556,3.75,0.507,15.417,4.143,2.8,4.016,3.884,0.861
1993.83333333333,33.374,11.139,4.546,4.164,5.79,27.089,12.333,8.856,3.763,0.481,15.344,4.082,2.943,3.88,3.822,0.813
1993.91666666667,33.221,11.181,4.449,3.672,5.475,27.241,12.549,8.227,3.796,0.501,15.587,3.992,2.653,3.949,3.802,0.85
1994,33.028,11.195,4.475,3.682,5.495,27.038,12.354,8.263,3.773,0.512,15.275,4.056,2.668,3.934,3.696,0.866
1994.08333333333,33.223,11.336,4.469,3.714,5.502,27.205,12.322,8.292,3.781,0.51,15.239,4.021,2.688,4.062,3.934,0.879
1994.16666666667,33.356,11.498,4.46,3.47,5.409,27.476,12.388,8.019,3.763,0.509,15.337,4.105,2.526,4.147,4.127,0.856
1994.25,33.865,11.57,4.459,4.044,5.619,27.592,12.406,8.639,3.759,0.521,15.349,3.937,2.894,4.312,4.36,0.867
1994.33333333333,33.484,11.511,4.463,3.735,5.477,27.446,12.312,8.308,3.741,0.524,15.237,3.934,2.723,4.279,4.282,0.866
1994.41666666667,33.445,11.419,4.448,3.777,5.492,27.374,12.389,8.34,3.765,0.529,15.334,3.992,2.738,4.155,4.027,0.865
1994.5,33.459,11.444,4.457,3.741,5.466,27.409,12.369,8.31,3.768,0.526,15.33,3.943,2.734,4.204,4.151,0.853
1994.58333333333,33.734,11.613,4.471,3.764,5.505,27.657,12.362,8.348,3.758,0.541,15.341,4.01,2.734,4.3,4.221,0.878
1994.66666666667,33.959,11.632,4.477,3.868,5.571,27.803,12.487,8.466,3.758,0.542,15.5,4.147,2.783,4.229,4.083,0.875
1994.75,33.629,11.538,4.462,3.73,5.484,27.604,12.372,8.302,3.779,0.545,15.382,3.942,2.711,4.272,4.153,0.875
1994.83333333333,33.517,11.625,4.439,3.495,5.378,27.624,12.374,8.027,3.791,0.55,15.302,3.895,2.559,4.362,4.297,0.875
1994.91666666667,33.87,11.77,4.43,3.646,5.42,27.84,12.452,8.181,3.773,0.552,15.361,4.002,2.659,4.42,4.391,0.876
1995,33.768,11.561,4.441,3.873,5.517,27.614,12.49,8.436,3.814,0.543,15.407,3.963,2.801,4.256,4.128,0.88
1995.08333333333,33.61,11.608,4.418,3.569,5.391,27.663,12.482,8.087,3.814,0.557,15.411,3.952,2.601,4.299,4.144,0.875
1995.16666666667,33.68,11.434,4.469,3.923,5.579,27.502,12.521,8.516,3.809,0.56,15.461,3.843,2.82,4.236,4.004,0.878
1995.25,33.849,11.589,4.452,3.922,5.547,27.661,12.462,8.5,3.806,0.561,15.407,3.94,2.832,4.298,4.098,0.894
1995.33333333333,33.963,11.722,4.451,3.898,5.532,27.792,12.376,8.472,3.819,0.566,15.33,4.009,2.821,4.35,4.179,0.885
1995.41666666667,35.257,12.448,4.494,3.918,5.594,28.996,12.615,8.536,3.818,0.565,15.616,3.917,2.825,4.983,5.357,0.891
1995.5,34.007,11.645,4.47,3.872,5.545,27.844,12.536,8.462,3.817,0.579,15.54,3.937,2.801,4.337,4.07,0.903
1995.58333333333,33.611,11.445,4.397,3.9,5.49,27.46,12.506,8.422,3.812,0.563,15.43,3.957,2.811,4.169,3.844,0.896
1995.66666666667,33.935,11.498,4.403,3.938,5.53,27.718,12.756,8.47,3.82,0.58,15.714,4.042,2.82,4.152,3.722,0.9
1995.75,33.098,11.273,4.404,3.526,5.335,27.215,12.476,8.028,3.798,0.58,15.416,3.628,2.595,4.253,3.909,0.899
1995.83333333333,34.095,11.673,4.425,3.906,5.538,27.901,12.634,8.457,3.826,0.585,15.608,3.972,2.802,4.331,4.029,0.901
1995.91666666667,33.896,11.52,4.492,4.003,5.645,27.662,12.52,8.625,3.819,0.577,15.491,3.875,2.86,4.276,3.987,0.883
1996,34.347,11.943,4.45,3.888,5.568,28.166,12.492,8.46,3.824,0.574,15.437,3.823,2.781,4.641,4.662,0.898
1996.08333333333,34.792,11.992,4.432,4.304,5.682,28.307,12.615,8.887,3.779,0.593,15.559,3.958,3.059,4.621,4.525,0.901
1996.16666666667,34.299,11.825,4.435,4.076,5.61,28.025,12.507,8.647,3.818,0.601,15.431,3.885,2.908,4.512,4.265,0.92
1996.25,34.04,11.741,4.433,3.91,5.542,27.87,12.462,8.468,3.82,0.573,15.402,3.966,2.808,4.392,4.228,0.878
1996.33333333333,34.108,11.618,4.427,4.19,5.67,27.743,12.518,8.76,3.817,0.582,15.466,3.752,2.958,4.434,4.28,0.866
1996.41666666667,34.398,11.922,4.378,4.016,5.532,28.112,12.568,8.527,3.818,0.608,15.484,4.033,2.868,4.494,4.144,0.962
1996.5,33.909,11.614,4.371,4.044,5.548,27.642,12.511,8.551,3.824,0.589,15.394,3.82,2.876,4.383,4.116,0.895
1996.58333333333,35.136,12.327,4.437,4.036,5.619,28.779,12.698,8.606,3.829,0.606,15.63,4.015,2.866,4.819,4.831,0.898
1996.66666666667,35.942,12.942,4.435,4.096,5.638,29.513,12.553,8.668,3.811,0.59,15.494,3.934,2.904,5.37,5.936,0.886
1996.75,34.334,11.864,4.425,3.931,5.536,28.102,12.585,8.482,3.817,0.59,15.546,3.846,2.826,4.568,4.467,0.879
1996.83333333333,33.913,11.458,4.4,4.044,5.563,27.622,12.662,8.579,3.84,0.6,15.662,3.867,2.888,4.22,3.764,0.892
1996.91666666667,34.077,11.608,4.421,4.096,5.595,27.759,12.592,8.654,3.855,0.607,15.536,3.907,2.928,4.303,3.875,0.898
1997,33.964,11.484,4.432,4.289,5.663,27.555,12.569,8.865,3.838,0.607,15.418,3.952,3.058,4.183,3.695,0.871
1997.08333333333,33.968,11.678,4.411,3.88,5.484,27.796,12.613,8.418,3.853,0.614,15.468,3.898,2.812,4.364,3.954,0.901
1997.16666666667,34.246,11.937,4.361,3.661,5.358,28.179,12.708,8.14,3.864,0.624,15.604,4.104,2.673,4.429,4.017,0.912
1997.25,34.101,11.758,4.41,3.846,5.472,27.921,12.621,8.382,3.86,0.616,15.526,3.99,2.791,4.363,3.961,0.888
1997.33333333333,34.137,11.671,4.373,3.966,5.473,27.863,12.753,8.47,3.858,0.628,15.655,3.884,2.869,4.364,3.877,0.912
1997.41666666667,33.799,11.516,4.422,3.924,5.51,27.583,12.626,8.476,3.895,0.637,15.491,3.93,2.842,4.186,3.497,0.923
1997.5,34.319,11.975,4.423,3.971,5.525,28.076,12.444,8.525,3.894,0.647,15.289,3.984,2.873,4.519,4.071,0.913
1997.58333333333,34.49,11.946,4.467,3.971,5.557,28.244,12.623,8.569,3.896,0.655,15.526,3.884,2.885,4.56,4.092,0.923
1997.66666666667,34.498,11.908,4.467,3.892,5.538,28.301,12.73,8.487,3.904,0.659,15.678,3.685,2.827,4.654,4.226,0.938
1997.75,35.221,12.287,4.56,3.961,5.672,28.933,12.83,8.65,3.95,0.668,15.784,4.057,2.859,4.686,4.222,0.955
1997.83333333333,34.728,12.211,4.245,3.896,5.317,28.538,12.691,8.27,3.934,0.683,15.618,4.018,2.824,4.66,4.116,0.943
1997.91666666667,35.324,12.44,4.422,3.959,5.528,29.027,12.803,8.512,3.946,0.692,15.763,4.038,2.858,4.823,4.371,0.945
1998,35.371,12.41,4.44,3.973,5.564,29.027,12.908,8.543,3.944,0.697,15.861,4.079,2.855,4.776,4.263,0.945
1998.08333333333,35.156,12.312,4.452,3.991,5.579,28.82,12.797,8.575,3.988,0.683,15.731,3.988,2.871,4.729,4.239,0.949
1998.16666666667,35.099,12.405,4.446,4.003,5.577,28.782,12.578,8.58,3.999,0.689,15.488,3.954,2.877,4.821,4.378,0.946
1998.25,35.667,12.489,4.484,4.212,5.678,29.159,12.891,8.834,4.008,0.716,15.843,4.005,3.019,4.85,4.287,0.964
1998.33333333333,35.707,12.549,4.548,4.034,5.697,29.329,12.921,8.715,4,0.702,15.893,4.167,2.894,4.794,4.374,0.862
1998.41666666667,35.443,12.424,4.548,4.096,5.71,29.094,12.761,8.779,3.994,0.769,15.719,3.972,2.941,4.828,3.794,1.134
1998.5,36.195,12.916,4.526,4.118,5.697,29.768,12.864,8.779,4.035,0.753,15.816,4.068,2.952,5.137,4.612,0.982
1998.58333333333,36.604,13.146,4.498,4.149,5.676,30.114,12.98,8.782,4.036,0.776,15.933,4.129,2.974,5.282,4.744,1
1998.66666666667,36.435,13.144,4.478,4.151,5.664,29.963,12.8,8.765,4.053,0.779,15.735,4.027,2.969,5.338,4.863,0.974
1998.75,36.423,13.005,4.499,4.229,5.718,29.864,12.921,8.866,4.107,0.786,15.874,4.018,3.013,5.196,4.576,0.971
1998.83333333333,36.691,13.09,4.58,4.363,5.867,30.042,12.883,9.085,4.05,0.789,15.873,4.043,3.08,5.286,4.733,0.965
1998.91666666667,36.598,13.07,4.549,4.226,5.768,30.056,12.899,8.912,4.053,0.799,15.943,3.972,3.011,5.315,4.729,0.975
1999,36.534,13.241,4.522,4.045,5.673,30.153,12.805,8.698,4.076,0.797,15.757,4.164,2.901,5.312,4.717,0.989
1999.08333333333,36.54,13.014,4.55,4.354,5.803,29.934,12.929,9.048,4.111,0.806,15.853,3.949,3.103,5.249,4.581,0.981
1999.16666666667,36.761,13.272,4.578,4.177,5.777,30.283,12.895,8.891,4.106,0.826,15.824,4.128,2.984,5.342,4.615,1.015
1999.25,36.958,13.303,4.549,4.167,5.722,30.426,13.107,8.852,4.093,0.841,16.052,4.03,2.997,5.445,4.741,1.007
1999.33333333333,37.022,13.389,4.544,4.131,5.705,30.494,13.099,8.81,4.12,0.857,16.021,4.143,2.973,5.419,4.558,1.065
1999.41666666667,36.101,12.712,4.535,4.218,5.712,29.556,13.014,8.893,4.112,0.851,15.952,4.097,3.042,4.898,3.686,1.052
1999.5,38.332,14.217,4.553,4.217,5.72,31.615,13.17,8.909,4.141,0.859,16.163,4.157,3.05,6.079,5.74,1.039
1999.58333333333,37.825,14.018,4.526,4.227,5.708,31.139,12.905,8.893,4.142,0.878,15.881,4.053,3.045,5.987,5.5,1.035
1999.66666666667,37.573,13.642,4.517,4.193,5.667,30.893,13.228,8.848,4.182,0.891,16.246,3.885,3.041,5.766,5.037,1.053
1999.75,37.947,13.936,4.536,4.247,5.737,31.258,13.112,8.923,4.18,0.907,16.15,4.082,3.048,5.872,5.137,1.067
1999.83333333333,38.254,14.045,4.547,4.337,5.785,31.492,13.188,9.027,4.218,0.925,16.259,4.146,3.1,5.893,5.122,1.047
1999.91666666667,38.535,14.141,4.514,4.259,5.736,31.767,13.474,8.914,4.218,0.943,16.543,4.185,3.04,5.946,5.048,1.12
2000,38.018,13.894,4.572,4.295,5.782,31.257,13.28,9.006,4.246,0.928,16.242,4.074,3.084,5.802,4.936,1.066
2000.08333333333,38.855,14.627,4.526,4.203,5.698,32.132,13.183,8.867,4.274,0.984,16.173,4.603,3.031,6.021,5.064,1.084
2000.16666666667,38.249,14.132,4.443,4.237,5.641,31.499,13.303,8.816,4.285,0.971,16.294,4.167,3.036,5.908,4.928,1.08
2000.25,38.539,14.379,4.444,4.277,5.629,31.769,13.238,8.857,4.309,0.991,16.205,4.195,3.084,6.079,5.103,1.109
2000.33333333333,38.666,14.546,4.406,4.181,5.532,31.939,13.198,8.722,4.331,0.989,16.198,4.257,3.049,6.16,5.256,1.105
2000.41666666667,38.766,14.355,4.502,4.231,5.654,31.965,13.468,8.87,4.323,0.992,16.516,4.262,3.074,6.001,4.975,1.104
2000.5,38.492,14.185,4.458,4.262,5.633,31.689,13.423,8.857,4.353,1.013,16.47,4.242,3.081,5.852,4.638,1.102
2000.58333333333,39.076,14.607,4.436,4.298,5.616,32.245,13.421,8.87,4.364,1.002,16.478,4.204,3.109,6.227,5.321,1.103
2000.66666666667,38.727,14.275,4.192,4.261,5.338,31.905,13.753,8.583,4.366,1.004,16.846,4.074,3.096,6.037,4.912,1.17
2000.75,38.794,14.473,4.451,4.302,5.638,31.977,13.287,8.889,4.372,0.995,16.336,4.37,3.106,5.989,4.92,1.123
2000.83333333333,38.772,14.459,4.362,4.217,5.522,32.009,13.423,8.713,4.373,1.024,16.483,4.283,3.049,6.039,4.858,1.148
2000.91666666667,38.704,14.491,4.535,3.981,5.677,32.081,13.331,8.652,4.398,1.028,16.397,4.222,2.852,6.092,4.945,1.139
2001,39.074,14.637,4.519,4.221,5.704,32.266,13.371,8.887,4.371,1.007,16.418,4.259,3.037,6.21,5.228,1.137
2001.08333333333,39.417,14.817,4.502,4.259,5.709,32.541,13.494,8.902,4.375,1.059,16.536,4.293,3.048,6.335,5.277,1.107
2001.16666666667,39.296,14.72,4.493,4.303,5.704,32.419,13.495,8.933,4.414,1.095,16.515,4.184,3.084,6.304,5.091,1.107
2001.25,39.328,14.673,4.538,4.459,5.813,32.358,13.438,9.126,4.413,1.06,16.454,4.186,3.166,6.262,5.124,1.131
2001.33333333333,39.614,14.899,4.513,4.485,5.772,32.686,13.413,9.122,4.397,1.05,16.445,4.298,3.205,6.385,5.38,1.117
2001.41666666667,39.761,14.878,4.541,4.448,5.8,32.812,13.608,9.118,4.426,1.058,16.663,4.186,3.172,6.428,5.398,1.14
2001.5,39.398,14.755,4.461,4.44,5.718,32.52,13.464,9.022,4.399,1.057,16.502,4.223,3.161,6.316,5.192,1.16
2001.58333333333,39.445,14.641,4.614,4.449,5.886,32.487,13.529,9.2,4.417,1.035,16.583,4.188,3.165,6.231,5.134,1.157
2001.66666666667,39.96,14.991,4.642,4.608,5.953,32.876,13.432,9.377,4.394,1.051,16.488,4.499,3.275,6.319,5.226,1.153
2001.75,39.116,14.639,4.538,4.045,5.614,32.441,13.51,8.746,4.381,1.069,16.597,3.999,2.988,6.394,5.292,1.145
2001.83333333333,39.928,14.925,4.601,4.534,5.858,32.863,13.527,9.264,4.417,1.064,16.66,4.345,3.259,6.358,5.241,1.154
2001.91666666667,40.196,14.968,4.613,4.61,5.925,33.072,13.669,9.348,4.392,1.081,16.844,4.323,3.275,6.43,5.289,1.162
2002,39.236,14.756,4.53,4.391,5.708,32.478,13.297,9.054,4.408,1.068,16.277,4.1,3.204,6.402,5.345,1.114
2002.08333333333,39.672,15.041,4.503,4.271,5.601,32.924,13.516,8.91,4.39,1.098,16.483,4.38,3.169,6.453,5.278,1.153
2002.16666666667,40.271,15.226,4.64,4.1,5.77,33.54,13.93,8.89,4.441,1.121,16.933,4.385,2.973,6.571,5.381,1.161
2002.25,39.663,15.119,4.524,4.35,5.64,32.861,13.281,9.008,4.403,1.109,16.267,4.351,3.228,6.532,5.423,1.107
2002.33333333333,40.151,15.091,4.634,4.472,5.844,33.163,13.666,9.244,4.461,1.142,16.689,4.215,3.254,6.567,5.317,1.146
2002.41666666667,39.85,15.163,4.394,4.382,5.572,32.938,13.554,8.9,4.46,1.148,16.517,4.365,3.19,6.517,5.253,1.115
2002.5,40.055,15.2,4.542,4.341,5.726,33.157,13.615,9.019,4.488,1.164,16.601,4.352,3.149,6.538,5.225,1.12
2002.58333333333,40.293,15.188,4.555,4.419,5.744,33.291,13.786,9.108,4.478,1.133,16.828,4.534,3.221,6.4,5.093,1.134
2002.66666666667,40.226,15.215,4.524,4.428,5.709,33.247,13.676,9.083,4.469,1.158,16.728,4.447,3.231,6.495,5.156,1.138
2002.75,40.67,15.495,4.564,4.429,5.733,33.66,13.723,9.126,4.506,1.24,16.788,4.428,3.251,6.723,5.194,1.175
2002.83333333333,40.703,15.431,4.773,4.317,5.901,33.748,13.722,9.242,4.5,1.209,16.825,4.372,3.191,6.714,5.323,1.146
2002.91666666667,40.297,15.444,4.305,4.313,5.46,33.37,13.655,8.74,4.52,1.203,16.757,4.475,3.145,6.633,5.226,1.135
2003,41.001,15.638,4.548,4.798,5.822,33.735,13.788,9.473,4.502,1.246,16.673,4.581,3.504,6.736,5.259,1.136
2003.08333333333,40.558,15.324,4.582,4.871,5.903,33.308,13.704,9.581,4.52,1.22,16.536,4.33,3.528,6.639,5.187,1.139
2003.16666666667,40.502,15.649,4.592,4.246,5.755,33.69,13.621,8.977,4.574,1.211,16.488,4.627,3.08,6.655,5.247,1.132
2003.25,40.656,15.601,4.534,4.392,5.733,33.708,13.777,9.061,4.569,1.24,16.67,4.571,3.185,6.66,5.153,1.141
2003.33333333333,40.817,15.44,4.582,4.568,5.784,33.663,13.995,9.283,4.584,1.25,16.916,4.481,3.353,6.576,4.972,1.155
2003.41666666667,40.762,15.625,4.681,4.439,5.877,33.802,13.687,9.26,4.591,1.237,16.591,4.509,3.236,6.711,5.229,1.153
2003.5,40.762,15.816,4.571,4.523,5.793,33.782,13.46,9.228,4.606,1.288,16.33,4.554,3.29,6.833,5.207,1.196
2003.58333333333,40.864,15.621,4.629,4.483,5.854,33.893,13.834,9.248,4.602,1.303,16.726,4.326,3.248,6.839,5.241,1.136
2003.66666666667,41.457,16.026,4.623,4.6,5.868,34.446,13.847,9.357,4.656,1.334,16.722,4.529,3.343,6.997,5.287,1.221
2003.75,41.822,16.139,4.559,5.156,6.069,34.359,13.881,9.838,4.667,1.332,16.578,4.702,3.615,6.956,5.267,1.189
2003.83333333333,40.78,15.856,4.457,4.613,5.739,33.716,13.8,9.196,4.679,1.361,16.318,4.402,3.312,6.928,5.108,1.207
2003.91666666667,41.281,15.987,4.517,4.707,5.826,34.064,13.976,9.352,4.712,1.353,16.577,4.497,3.379,6.945,5.22,1.158
2004,41.69,16.323,4.526,4.753,5.82,34.405,14.009,9.406,4.674,1.426,16.526,4.714,3.44,7.105,5.168,1.235
2004.08333333333,41.174,16.1,4.606,4.792,5.94,33.901,13.667,9.528,4.695,1.392,16.153,4.448,3.439,7.098,5.297,1.202
2004.16666666667,41.194,15.992,4.506,4.866,5.869,33.863,13.859,9.495,4.677,1.376,16.361,4.474,3.479,6.995,5.218,1.176
2004.25,41.636,16.206,4.553,4.812,5.888,34.31,14.075,9.492,4.709,1.437,16.562,4.553,3.456,7.099,5.175,1.194
2004.33333333333,41.426,16.237,4.385,4.853,5.744,34.091,13.92,9.355,4.66,1.45,16.389,4.667,3.467,7.077,5.187,1.126
2004.41666666667,41.86,16.611,4.47,4.72,5.797,34.651,13.877,9.314,4.666,1.505,16.381,4.656,3.372,7.414,5.289,1.335
2004.5,41.651,16.344,4.473,4.769,5.806,34.354,13.956,9.366,4.654,1.495,16.484,4.487,3.414,7.317,5.35,1.184
2004.58333333333,41.27,16.129,4.388,4.771,5.714,33.888,13.909,9.278,4.666,1.465,16.43,4.558,3.421,7.061,5.054,1.181
2004.66666666667,41.664,16.435,4.454,4.784,5.782,34.347,13.849,9.361,4.729,1.489,16.371,4.495,3.434,7.332,5.372,1.201
2004.75,42.104,16.722,4.51,4.673,5.754,34.822,13.972,9.31,4.723,1.519,16.505,4.644,3.412,7.477,5.482,1.218
2004.83333333333,42.691,17.068,4.476,4.841,5.774,35.291,14.041,9.439,4.727,1.604,16.573,4.634,3.52,7.79,5.694,1.232
2004.91666666667,42.54,16.8,4.427,4.785,5.732,35.18,14.327,9.333,4.746,1.585,16.875,4.642,3.457,7.529,5.338,1.244
2005,42.495,16.942,4.448,4.728,5.725,35.141,14.132,9.299,4.78,1.63,16.661,4.521,3.431,7.727,5.462,1.299
2005.08333333333,42.587,16.908,4.393,5.06,5.776,35.081,14.077,9.551,4.779,1.627,16.601,4.611,3.634,7.626,5.392,1.238
2005.16666666667,42.423,16.885,4.471,4.795,5.762,35.167,14.059,9.387,4.767,1.57,16.585,4.718,3.482,7.529,5.421,1.222
2005.25,42.515,17.154,4.304,4.813,5.594,35.193,13.959,9.222,4.801,1.679,16.452,4.579,3.491,7.854,5.534,1.285
2005.33333333333,42.456,16.97,4.451,4.791,5.744,35.13,14.074,9.362,4.791,1.631,16.524,4.578,3.475,7.699,5.438,1.28
2005.41666666667,42.537,17.071,4.352,4.771,5.633,35.189,14.117,9.235,4.783,1.658,16.582,4.607,3.463,7.773,5.461,1.294
2005.5,42.424,16.906,4.407,4.751,5.682,35.072,14.137,9.277,4.816,1.629,16.65,4.498,3.454,7.683,5.439,1.265
2005.58333333333,42.893,17.163,4.435,4.793,5.743,35.451,14.23,9.346,4.82,1.64,16.764,4.649,3.46,7.792,5.536,1.292
2005.66666666667,42.953,17.266,4.312,4.789,5.595,35.497,14.264,9.208,4.823,1.676,16.805,4.621,3.476,7.904,5.596,1.301
2005.75,42.567,17.138,4.279,4.458,5.439,35.361,14.287,8.861,4.858,1.689,16.84,4.621,3.286,7.759,5.358,1.294
2005.83333333333,43.436,17.507,4.407,4.938,5.761,35.879,14.266,9.453,4.88,1.69,16.808,4.669,3.55,8.036,5.723,1.326
2005.91666666667,43.491,17.649,4.269,5.028,5.637,35.911,14.211,9.386,4.877,1.845,16.73,4.541,3.614,8.268,5.619,1.354
2006,43.364,17.391,4.336,5.102,5.719,35.722,14.299,9.511,4.939,1.687,16.835,4.672,3.663,7.879,5.492,1.335
2006.08333333333,43.68,17.701,4.318,5.14,5.715,36.05,14.215,9.524,4.936,1.778,16.754,4.758,3.683,8.095,5.55,1.358
2006.16666666667,43.629,17.678,4.319,5.076,5.708,36.017,14.242,9.469,4.959,1.878,16.779,4.61,3.631,8.175,5.416,1.361
2006.25,43.644,17.722,4.376,4.943,5.731,36.088,14.231,9.416,4.986,1.777,16.784,4.667,3.547,8.146,5.607,1.372
2006.33333333333,43.845,17.988,4.322,4.902,5.633,36.329,14.173,9.317,4.998,1.935,16.736,4.675,3.554,8.372,5.525,1.387
2006.41666666667,44.071,17.957,4.347,4.915,5.676,36.506,14.411,9.358,5.014,1.846,17,4.641,3.548,8.358,5.722,1.388
2006.5,43.958,17.814,4.353,4.903,5.651,36.416,14.476,9.353,5.019,1.871,17.072,4.737,3.572,8.145,5.341,1.404
2006.58333333333,44.267,18.309,4.277,4.917,5.605,36.759,14.25,9.279,5.042,1.938,16.81,4.893,3.545,8.45,5.569,1.438
2006.66666666667,43.828,17.801,4.348,4.869,5.642,36.364,14.42,9.317,5.015,1.938,16.976,4.452,3.543,8.368,5.446,1.447
2006.75,43.818,18.21,4.285,4.437,5.419,36.623,14.268,8.86,5.064,1.969,16.818,4.641,3.306,8.546,5.601,1.464
2006.83333333333,44.056,18.218,4.257,4.637,5.498,36.711,14.385,9.007,5.065,1.96,16.944,4.782,3.373,8.438,5.483,1.452
2006.91666666667,44.323,18.397,4.364,4.733,5.634,36.888,14.25,9.215,5.087,1.974,16.811,4.79,3.441,8.576,5.586,1.504
2007,44.036,18.3,4.275,4.555,5.489,36.738,14.314,8.956,5.114,1.935,16.88,4.769,3.325,8.482,5.583,1.474
2007.08333333333,44.354,18.571,4.208,4.531,5.409,37.045,14.413,8.858,5.129,2.06,16.968,4.837,3.313,8.663,5.495,1.526
2007.16666666667,45.05,18.758,4.406,4.683,5.656,37.55,14.596,9.22,5.175,2.143,17.163,4.841,3.417,8.791,5.455,1.551
2007.25,44.647,18.643,4.287,4.42,5.392,37.397,14.616,8.851,5.099,2.013,17.211,5.027,3.326,8.596,5.518,1.518
2007.33333333333,44.911,18.684,4.323,4.829,5.575,37.365,14.473,9.253,5.158,2.191,17.074,4.545,3.553,8.984,5.638,1.528
2007.41666666667,45.464,19.013,4.361,4.86,5.638,37.9,14.62,9.326,5.154,2.16,17.189,4.798,3.558,9.08,5.7,1.65
2007.5,45.707,19.279,4.284,4.89,5.573,38.103,14.626,9.263,5.148,2.197,17.166,4.937,3.567,9.215,5.857,1.601
2007.58333333333,45.922,19.375,4.421,4.886,5.706,38.329,14.645,9.417,5.161,2.227,17.135,4.94,3.577,9.29,5.9,1.594
2007.66666666667,45.296,18.975,4.331,4.935,5.627,37.718,14.529,9.357,5.155,2.187,17.02,4.783,3.606,9.056,5.683,1.583
2007.75,45.743,19.11,4.403,4.999,5.719,38.073,14.704,9.497,5.22,2.183,17.213,4.788,3.651,9.121,5.796,1.569
2007.83333333333,45.481,18.953,4.41,5.051,5.734,37.81,14.558,9.55,5.171,2.171,17.075,4.737,3.692,9.062,5.736,1.573
2007.91666666667,46.095,19.538,4.353,4.863,5.609,38.478,14.673,9.318,5.187,2.182,17.207,4.775,3.585,9.553,6.36,1.592
2008,44.641,18.672,4.356,4.614,5.52,37.285,14.42,9.1,5.213,2.168,16.928,4.733,3.448,8.766,5.4,1.536
2008.08333333333,45.644,19.269,4.377,4.733,5.575,38.106,14.629,9.23,5.238,2.194,17.146,5.007,3.528,9.068,5.688,1.587
2008.16666666667,45.35,18.973,4.36,4.915,5.608,37.704,14.572,9.373,5.234,2.228,17.066,4.648,3.648,9.101,5.67,1.578
2008.25,45.032,18.814,4.194,5.296,5.586,37.165,14.316,9.523,5.227,2.279,16.773,4.494,3.844,9.092,5.578,1.558
2008.33333333333,45.483,19.148,4.394,4.798,5.6,37.974,14.567,9.307,5.219,2.223,17.05,4.829,3.584,9.124,5.76,1.531
2008.41666666667,44.833,18.886,4.114,4.9,5.357,37.315,14.399,9.079,5.226,2.221,16.883,4.711,3.625,8.974,5.555,1.544
2008.5,44.948,19.037,4.2,4.897,5.443,37.513,14.233,9.174,5.219,2.238,16.72,4.739,3.628,9.097,5.695,1.532
2008.58333333333,45.274,19.059,4.236,4.906,5.482,37.705,14.503,9.224,5.192,2.276,17.011,4.713,3.635,9.163,5.688,1.548
2008.66666666667,45.346,18.918,4.256,5.035,5.558,37.663,14.637,9.362,5.182,2.265,17.146,4.825,3.696,8.945,5.438,1.536
2008.75,44.964,18.705,4.256,5.077,5.57,37.328,14.456,9.399,5.137,2.268,16.961,4.704,3.724,8.889,5.335,1.559
2008.83333333333,44.906,18.586,4.193,5.077,5.485,37.213,14.595,9.328,5.112,2.29,17.121,4.685,3.749,8.817,5.171,1.584
2008.91666666667,44.669,18.325,4.279,5.081,5.588,36.975,14.558,9.429,5.121,2.23,17.101,4.581,3.735,8.654,5.131,1.535
2009,45.486,18.735,4.233,5.357,5.628,37.566,14.719,9.602,5.151,2.271,17.286,4.754,3.893,8.861,5.315,1.548
2009.08333333333,44.535,18.318,4.182,5.196,5.531,36.827,14.4,9.405,5.069,2.246,16.954,4.435,3.787,8.82,5.302,1.555
2009.16666666667,44.354,18.495,4.192,4.992,5.498,36.804,14.141,9.244,5.083,2.258,16.691,4.59,3.639,8.839,5.323,1.538
2009.25,44.956,18.639,4.255,5.006,5.553,37.318,14.545,9.331,5.097,2.301,17.092,4.501,3.668,9.042,5.46,1.573
2009.33333333333,45.099,18.849,4.236,4.963,5.503,37.472,14.528,9.272,5.068,2.287,17.045,4.507,3.666,9.262,5.856,1.483
2009.41666666667,45.504,19.109,4.262,4.98,5.539,37.788,14.593,9.317,5.163,2.341,17.122,4.772,3.67,9.189,5.503,1.638
2009.5,44.961,18.614,4.255,4.988,5.523,37.238,14.624,9.316,5.055,2.35,17.144,4.434,3.691,9.114,5.475,1.558
2009.58333333333,44.983,18.513,4.109,5.008,5.365,37.168,14.895,9.159,5.078,2.376,17.454,4.284,3.719,9.129,5.449,1.555
2009.66666666667,45.217,18.94,4.158,4.968,5.404,37.505,14.569,9.183,5.101,2.391,17.153,4.527,3.693,9.299,5.619,1.569
2009.75,45.455,19.106,4.117,4.935,5.338,37.747,14.692,9.106,5.116,2.394,17.285,4.628,3.692,9.355,5.701,1.554
2009.83333333333,45.286,19.188,4.163,4.748,5.338,37.737,14.603,9.002,5.119,2.387,17.097,4.504,3.566,9.538,5.951,1.546
2009.91666666667,45.834,19.361,4.251,4.978,5.489,38.067,14.722,9.303,5.156,2.416,17.185,4.605,3.723,9.58,5.952,1.545
2010,45.5,19.059,3.94,5.363,5.256,37.51,14.692,9.326,5.14,2.409,17.172,4.694,4.017,9.229,5.531,1.547
2010.08333333333,45.331,18.714,4.248,5.218,5.477,37.436,14.741,9.518,5.179,2.429,17.242,4.395,3.967,9.131,5.399,1.525
2010.16666666667,45.666,19.142,4.084,5.109,5.267,37.851,14.801,9.238,5.229,2.456,17.33,4.596,3.908,9.313,5.554,1.546
2010.25,45.442,18.901,4.202,5.009,5.357,37.731,14.82,9.269,5.25,2.421,17.358,4.582,3.837,9.074,5.347,1.523
2010.33333333333,46.002,19.149,4.122,5.222,5.359,38.06,15.013,9.387,5.341,2.582,17.55,4.54,3.962,9.265,5.283,1.544
2010.41666666667,44.958,18.595,4.105,4.984,5.257,37.278,14.763,9.142,5.274,2.434,17.33,4.22,3.815,9.084,5.359,1.5
2010.5,46.096,19.265,4.216,4.985,5.34,38.345,14.997,9.261,5.299,2.42,17.624,4.905,3.848,9.086,5.351,1.534
2010.58333333333,45.6,19.022,4.103,5.017,5.255,37.832,14.889,9.171,5.294,2.548,17.469,4.627,3.849,9.109,5.173,1.521
2010.66666666667,45.926,19.209,4.161,5.042,5.322,38.12,14.957,9.256,5.327,2.532,17.512,4.615,3.864,9.268,5.414,1.502
2010.75,45.927,19.038,4.144,5.169,5.323,37.999,15.032,9.36,5.341,2.5,17.631,4.538,3.975,9.16,5.339,1.501
2010.83333333333,46.452,19.497,4.123,5.168,5.306,38.528,15.105,9.336,5.361,2.501,17.652,4.658,3.969,9.473,5.72,1.499
2010.91666666667,46.714,19.485,3.988,5.532,5.309,38.51,15.259,9.539,5.377,2.474,17.766,4.624,4.184,9.477,5.753,1.517
2011,46.714,19.704,4.174,5.049,5.356,38.854,15.24,9.283,5.399,2.582,17.747,4.551,3.85,9.736,5.863,1.534
2011.08333333333,46.926,20.073,4.159,4.886,5.3,39.234,15.15,9.118,5.408,2.667,17.687,4.69,3.732,9.958,5.992,1.533
2011.16666666667,46.234,19.711,4.078,4.856,5.228,38.615,14.951,9.001,5.415,2.617,17.492,4.6,3.689,9.682,5.762,1.515
2011.25,45.66,19.277,4.032,4.484,5.068,38.291,15.223,8.612,5.424,2.496,17.775,4.696,3.447,9.167,5.328,1.529
2011.33333333333,45.212,19.036,3.835,4.788,4.971,37.65,14.981,8.665,5.419,2.523,17.531,4.509,3.628,9.109,5.221,1.526
2011.41666666667,46.001,19.26,4.107,4.937,5.298,38.28,15.1,9.106,5.449,2.611,17.686,4.605,3.72,9.209,5.173,1.552
2011.5,45.653,19.15,3.982,4.933,5.179,37.972,14.996,8.963,5.437,2.61,17.581,4.42,3.706,9.283,5.269,1.545
2011.58333333333,45.91,19.209,4.122,4.965,5.329,38.209,15.027,9.15,5.447,2.576,17.606,4.475,3.731,9.281,5.329,1.537
2011.66666666667,45.88,19.124,4.036,4.916,5.211,38.189,15.21,9.008,5.453,2.56,17.815,4.409,3.719,9.254,5.309,1.549
2011.75,45.804,19.185,4.039,4.856,5.196,38.151,15.15,8.957,5.456,2.552,17.708,4.52,3.678,9.208,5.294,1.523
2011.83333333333,45.565,19.141,4.02,4.788,5.178,37.986,15.094,8.874,5.463,2.489,17.582,4.452,3.607,9.22,5.428,1.506
2011.91666666667,45.483,19.363,3.882,4.785,5.026,37.929,14.908,8.715,5.439,2.711,17.376,4.474,3.617,9.439,5.305,1.532
2012,45.565,19.002,4.035,4.854,5.184,37.882,15.174,8.949,5.424,2.574,17.668,4.569,3.686,9.015,5.065,1.503
2012.08333333333,46.431,19.008,4.053,5.821,5.391,37.976,15.185,9.815,5.433,2.655,17.695,4.509,4.436,9.069,5.046,1.464
2012.16666666667,45.638,19.275,4.032,4.576,5.083,38.256,15.168,8.704,5.481,2.582,17.68,4.684,3.531,9.12,5.162,1.513
2012.25,45.569,18.725,3.965,5.374,5.26,37.533,15.096,9.321,5.429,2.704,17.612,4.119,4.026,9.158,5.042,1.498
2012.33333333333,45.576,19,4.045,4.952,5.183,37.875,15.055,9.048,5.423,2.677,17.579,4.486,3.804,9.091,5.072,1.433
2012.41666666667,45.756,18.977,4.07,4.952,5.204,38.071,15.256,9.076,5.528,2.698,17.774,4.255,3.81,9.182,5.056,1.521
2012.5,45.726,19.05,3.995,4.966,5.129,38.013,15.221,9.001,5.483,2.704,17.733,4.477,3.821,9.091,4.965,1.497
2012.58333333333,45.534,18.85,4.006,4.97,5.133,37.82,15.204,9.017,5.473,2.627,17.746,4.382,3.835,8.993,4.985,1.479
2012.66666666667,45.549,18.923,3.982,4.985,5.12,37.833,15.154,9.003,5.472,2.65,17.69,4.545,3.835,8.915,4.895,1.446
2012.75,45.514,18.941,4.007,4.984,5.138,37.796,15.214,9.031,5.485,2.653,17.599,4.512,3.844,8.949,4.905,1.472
2012.83333333333,45.523,18.744,4.098,5.129,5.267,37.695,15.21,9.263,5.46,2.692,17.601,4.392,3.947,8.894,4.789,1.466
2012.91666666667,45.529,19.07,3.929,4.912,5.052,37.861,15.193,8.877,5.49,2.699,17.624,4.461,3.778,9.118,5.043,1.46
2013,45.264,18.656,3.933,5.114,5.111,37.413,15.189,9.058,5.492,2.646,17.635,4.48,3.915,8.692,4.656,1.443
2013.08333333333,45.408,18.613,3.94,5.269,5.156,37.41,15.259,9.201,5.482,2.641,17.688,4.372,4.024,8.762,4.735,1.449
2013.16666666667,45.89,18.6,3.996,5.359,5.246,37.753,15.646,9.343,5.503,2.704,18.073,4.337,4.073,8.763,4.629,1.469
2013.25,45.471,18.76,4.012,5.402,5.299,37.419,14.965,9.4,5.534,2.715,17.37,4.384,4.07,8.845,4.718,1.458
2013.33333333333,45.845,18.741,4.063,5.292,5.345,37.829,15.419,9.364,5.548,2.734,17.838,4.268,3.963,8.923,4.774,1.462
2013.41666666667,45.264,18.842,3.894,5.08,5.112,37.517,15.117,8.981,5.527,2.738,17.498,4.406,3.822,8.911,4.762,1.456
2013.5,45.537,18.803,3.975,5.004,5.162,37.778,15.431,9.011,5.532,2.649,17.809,4.464,3.788,8.814,4.78,1.451
2013.58333333333,45.506,18.813,3.962,4.956,5.14,37.774,15.458,8.954,5.548,2.715,17.825,4.33,3.75,8.935,4.828,1.448
2013.66666666667,45.544,18.919,3.921,4.983,5.097,37.737,15.398,8.93,5.552,2.748,17.768,4.434,3.779,8.936,4.789,1.444
2013.75,45.393,19.024,3.929,4.642,4.962,37.838,15.391,8.642,5.573,2.774,17.79,4.424,3.618,9.027,4.842,1.458
2013.83333333333,46.067,19.121,3.933,5.25,5.148,38.002,15.435,9.175,5.587,2.745,17.837,4.547,4.005,8.991,4.85,1.449
2013.91666666667,46.099,19.452,3.964,4.919,5.091,38.332,15.378,8.924,5.59,2.833,17.753,4.42,3.781,9.435,5.213,1.465
2014,45.439,19.125,3.937,4.631,4.972,37.929,15.417,8.627,5.619,2.81,17.743,4.667,3.592,8.847,4.569,1.487
2014.08333333333,45.074,18.912,3.875,4.614,4.891,37.571,15.378,8.542,5.611,2.755,17.685,4.351,3.598,8.952,4.76,1.482
2014.16666666667,45.303,19.105,3.903,4.525,4.892,37.854,15.442,8.494,5.639,2.751,17.762,4.543,3.541,8.928,4.762,1.458
2014.25,45.229,19.025,3.864,4.512,4.835,37.771,15.51,8.438,5.632,2.75,17.834,4.398,3.549,8.996,4.837,1.46
2014.33333333333,45.64,19.036,3.833,4.809,4.895,37.887,15.675,8.671,5.65,2.89,18.015,4.407,3.742,8.981,4.637,1.461
2014.41666666667,45.704,19.225,3.981,4.731,5.014,38.057,15.426,8.768,5.653,2.844,17.764,4.579,3.701,8.997,4.724,1.453
2014.5,45.258,19.17,3.886,4.74,4.924,37.644,15.15,8.668,5.675,2.91,17.454,4.464,3.701,9.034,4.667,1.463
2014.58333333333,45.74,19.316,3.907,4.747,4.946,38.074,15.455,8.698,5.711,2.952,17.772,4.449,3.707,9.157,4.751,1.461
2014.66666666667,45.566,18.932,3.961,4.694,4.962,37.952,15.658,8.712,5.697,2.932,18.01,4.125,3.703,9.107,4.71,1.472
2014.75,45.463,19.222,3.928,4.384,4.81,38.145,15.567,8.395,5.703,2.934,17.906,4.364,3.531,9.154,4.744,1.486
2014.83333333333,45.644,19.32,3.828,4.522,4.774,38.195,15.65,8.407,5.725,2.946,17.975,4.46,3.591,9.137,4.708,1.49
2014.91666666667,46.277,19.455,4.055,4.714,5.07,38.641,15.7,8.837,5.737,3.01,18.042,4.527,3.708,9.194,4.687,1.49
2015,46.527,19.675,3.962,4.839,5,38.775,15.71,8.847,5.779,2.99,18.049,4.666,3.806,9.233,4.761,1.488
2015.08333333333,46.286,19.514,3.901,4.976,4.974,38.449,15.582,8.91,5.8,2.982,17.906,4.503,3.907,9.213,4.744,1.494
2015.16666666667,46.001,19.488,3.919,4.718,4.926,38.407,15.519,8.687,5.796,2.963,17.868,4.459,3.719,9.235,4.781,1.504
2015.25,46.231,19.637,3.983,4.594,4.955,38.744,15.625,8.642,5.81,2.941,17.993,4.587,3.633,9.244,4.822,1.498
2015.33333333333,46.264,19.657,3.915,4.669,4.901,38.695,15.653,8.638,5.833,2.968,18.011,4.483,3.694,9.343,4.893,1.5
2015.41666666667,46.573,19.794,3.954,4.71,4.954,38.943,15.729,8.718,5.823,2.955,18.1,4.571,3.719,9.402,4.974,1.498
2015.5,46.722,19.763,4.119,4.736,5.124,39.032,15.71,8.923,5.82,3.006,18.078,4.494,3.742,9.45,4.966,1.495
2015.58333333333,46.649,19.808,3.929,4.732,4.943,38.967,15.843,8.711,5.808,3.067,18.173,4.58,3.725,9.421,4.84,1.517
2015.66666666667,46.761,19.966,3.981,4.831,5.039,39.041,15.647,8.861,5.84,3.06,17.954,4.584,3.775,9.543,5.004,1.49
2015.75,46.869,19.825,3.967,5.08,5.109,38.921,15.658,9.078,5.823,3.025,17.998,4.523,3.932,9.48,5,1.47
2015.83333333333,45.716,19.228,3.929,4.514,4.899,38.297,15.665,8.507,5.785,2.903,18.052,4.205,3.55,9.236,4.9,1.457
2015.91666666667,46.839,20.223,4.141,4.243,5.057,39.595,15.745,8.485,5.851,3.373,18.147,4.461,3.336,9.908,5.015,1.491
2016,47.229,20.524,3.954,4.584,4.977,39.654,15.717,8.593,5.851,3.164,18.099,4.876,3.563,9.798,5.174,1.466
2016.08333333333,47.149,20.038,4.112,4.78,5.183,39.364,15.837,8.95,5.837,3.181,18.197,4.416,3.712,9.783,5.147,1.456
2016.16666666667,47.355,20.219,4.072,4.921,5.228,39.476,15.782,9.049,5.852,3.309,18.11,4.361,3.766,10.001,5.22,1.465
2016.25,47.229,20.366,3.933,5.035,5.145,39.286,15.533,9.02,5.855,3.439,17.84,4.341,3.825,10.164,5.254,1.45
2016.33333333333,47.173,20.067,4.289,4.816,5.404,39.469,15.67,9.166,5.856,3.168,17.969,4.369,3.7,9.84,5.217,1.461
2016.41666666667,47.134,20.532,3.69,4.835,4.827,39.368,15.721,8.575,5.878,3.347,18.009,4.671,3.705,9.982,5.156,1.463
2016.5,46.759,19.866,4.022,4.753,5.134,39.104,15.762,8.831,5.861,3.008,18.099,4.389,3.642,9.614,5.158,1.47
2016.58333333333,46.844,19.895,4.076,4.771,5.187,39.228,15.7,8.904,5.864,3.06,18.083,4.326,3.66,9.702,5.2,1.459
2016.66666666667,47.092,20.014,4.036,4.743,5.121,39.415,15.904,8.835,5.869,3.088,18.28,4.246,3.66,9.894,5.345,1.484
2016.75,47.864,20.443,4.043,5.069,5.249,39.847,15.942,9.167,5.881,3.143,18.275,4.656,3.866,9.905,5.298,1.478
2016.83333333333,47.386,20.26,4.107,4.916,5.248,39.559,15.807,9.08,5.888,3.07,18.065,4.37,3.778,9.999,5.484,1.474
2016.91666666667,47.423,20.42,4.005,4.864,5.132,39.657,15.788,8.925,5.913,3.112,18.083,4.425,3.741,10.079,5.518,1.475
2017,47.878,20.428,4.01,5.18,5.22,39.818,15.941,9.252,5.919,3.11,18.225,4.512,3.975,9.994,5.445,1.459
2017.08333333333,47.507,20.755,3.959,4.507,4.985,40.151,15.837,8.516,5.917,3.253,18.207,4.656,3.48,10.179,5.468,1.467
2017.16666666667,47.312,20.674,3.98,4.372,4.946,40.047,15.893,8.399,5.924,3.21,18.209,4.575,3.404,10.171,5.503,1.472
2017.25,47.499,20.626,3.96,4.642,5.01,39.966,15.909,8.654,5.926,3.229,18.203,4.467,3.593,10.23,5.529,1.486
2017.33333333333,47.943,20.891,4.048,4.791,5.124,40.259,15.837,8.894,5.93,3.245,18.136,4.599,3.716,10.358,5.653,1.477
2017.41666666667,47.775,20.661,4.011,4.735,5.044,40.134,15.986,8.8,5.952,3.275,18.308,4.396,3.703,10.309,5.582,1.462
2017.5,48.04,20.97,4.056,4.726,5.106,40.431,15.893,8.835,5.978,3.325,18.207,4.55,3.676,10.439,5.649,1.475
2017.58333333333,47.754,20.786,4.023,4.758,5.074,40.147,15.812,8.835,5.977,3.296,18.112,4.515,3.708,10.291,5.551,1.452
2017.66666666667,48.805,21.229,4.234,4.881,5.317,41.022,16.081,9.17,5.98,3.322,18.386,4.84,3.798,10.405,5.63,1.461
2017.75,47.36,20.666,3.822,4.613,4.798,39.911,15.866,8.488,5.988,3.295,18.18,4.29,3.638,10.383,5.645,1.453
2017.83333333333,48.343,21.071,3.973,4.904,5.047,40.585,16.029,8.935,6.009,3.386,18.313,4.576,3.832,10.483,5.632,1.468
2017.91666666667,48.317,21.114,4.11,4.964,5.181,40.518,15.813,9.132,6.011,3.308,18.041,4.497,3.895,10.602,5.847,1.464
2018,47.138,20.738,3.933,4.333,4.85,39.961,15.804,8.325,6.003,3.281,18.048,4.434,3.42,10.299,5.574,1.453
2018.08333333333,48.572,21.005,3.984,5.246,5.173,40.462,15.99,9.276,6,3.292,18.271,4.574,4.057,10.428,5.682,1.465
2018.16666666667,48.552,20.934,4.076,5.067,5.189,40.603,16.293,9.195,6.036,3.339,18.413,4.39,3.956,10.506,5.721,1.456
2018.25,47.588,21.292,4.002,4.463,4.925,40.332,15.557,8.524,6.045,3.271,17.706,4.659,3.545,10.584,5.875,1.455
2018.33333333333,48.016,21.182,4.057,4.634,5.018,40.553,15.86,8.749,6.051,3.333,18.042,4.432,3.678,10.697,5.911,1.467
2018.41666666667,47.948,21.053,3.991,4.637,4.955,40.474,16.021,8.684,6.038,3.426,18.179,4.34,3.678,10.672,5.791,1.462
2018.5,47.949,21.086,3.93,4.647,4.898,40.474,16.039,8.631,6.051,3.3,18.199,4.48,3.684,10.551,5.777,1.49
2018.58333333333,48.122,21.317,3.995,4.661,4.967,40.659,15.87,8.711,6.045,3.368,18.044,4.446,3.694,10.823,5.994,1.476
2018.66666666667,47.509,20.948,3.914,4.65,4.884,40.138,15.736,8.617,6.041,3.357,17.904,4.364,3.684,10.541,5.699,1.494
2018.75,47.866,21.05,4.025,4.689,5.022,40.406,15.845,8.77,6.038,3.366,18.008,4.406,3.695,10.604,5.763,1.485
2018.83333333333,47.63,20.842,4.006,4.698,5.003,40.137,15.838,8.76,5.999,3.359,18,4.33,3.705,10.51,5.683,1.477
2018.91666666667,47.248,20.593,3.849,4.612,4.812,39.843,15.948,8.512,6.028,3.321,18.127,4.393,3.653,10.17,5.384,1.468
2019,48.015,21.212,4.005,4.785,5.018,40.462,15.753,8.841,6.02,3.421,17.912,4.47,3.775,10.719,5.801,1.507
2019.08333333333,47.941,21.411,3.965,4.609,4.944,40.548,15.701,8.633,6.052,3.485,17.85,4.586,3.634,10.769,5.776,1.516
2019.16666666667,47.854,21.577,3.91,4.507,4.857,40.525,15.714,8.477,6.033,3.596,17.752,4.468,3.566,11.073,5.953,1.531
2019.25,48.05,21.309,3.98,4.709,4.99,40.475,15.899,8.743,6.027,3.524,17.953,4.42,3.701,10.859,5.812,1.53
2019.33333333333,48.143,21.337,3.883,4.925,4.959,40.337,15.873,8.841,6.052,3.467,17.913,4.432,3.845,10.85,5.855,1.538
2019.41666666667,47.598,21.102,3.934,4.749,4.946,40.043,15.681,8.731,6.052,3.155,17.714,4.49,3.74,10.557,5.887,1.538
2019.5,47.862,21.326,3.891,4.747,4.901,40.36,15.75,8.682,6.061,3.436,17.806,4.362,3.738,10.9,5.945,1.532
2019.58333333333,48.288,21.787,3.889,4.71,4.902,40.85,15.712,8.645,6.082,3.536,17.8,4.458,3.696,11.244,6.169,1.552
2019.66666666667,47.992,21.414,3.91,4.715,4.919,40.497,15.751,8.673,6.103,3.529,17.856,4.454,3.708,10.854,5.803,1.53
2019.75,47.912,21.474,3.844,4.68,4.832,40.394,15.735,8.568,6.126,3.525,17.824,4.425,3.694,10.922,5.87,1.535
2019.83333333333,48.148,21.562,3.883,4.79,4.913,40.51,15.84,8.714,6.158,3.501,17.817,4.452,3.759,10.95,5.913,1.546
2019.91666666667,48.368,21.729,4.004,4.648,4.995,40.869,15.865,8.712,6.126,3.7,17.87,4.353,3.66,11.249,5.977,1.578
2020,47.915,21.287,3.991,4.517,4.953,40.548,15.967,8.573,6.14,3.606,18.016,4.563,3.559,10.58,5.538,1.44
2020.08333333333,48.259,21.126,3.964,4.703,4.961,40.712,16.328,8.719,6.153,3.558,18.376,4.314,3.708,10.656,5.619,1.487
2020.16666666667,40.432,14.303,2.877,4.77,3.896,32.856,16.6,7.615,5.315,2.77,18.554,2.262,3.748,6.728,3.019,0.937
2020.25,33.308,10.123,1.464,4.238,2.297,26.348,15.664,5.591,4.301,1.994,17.723,1.588,3.41,4.234,1.836,0.391
2020.33333333333,44.644,19.306,2.599,4.689,3.568,37.201,15.973,7.239,6.048,3.811,18.133,3.904,3.721,9.352,4.523,1.003
2020.41666666667,48.899,22.213,3.446,4.779,4.443,41.349,16.255,8.234,6.483,4.168,18.435,3.942,3.784,11.792,6.066,1.559
2020.5,49.187,22.005,3.792,4.795,4.801,41.573,16.389,8.621,6.354,3.76,18.53,4.007,3.788,11.646,6.393,1.497
2020.58333333333,50.547,23.407,3.726,4.801,4.728,42.909,16.462,8.557,6.451,4.193,18.551,5.085,3.803,11.867,6.03,1.648
2020.66666666667,48.821,21.952,3.7,4.826,4.72,41.147,16.227,8.552,6.345,3.93,18.282,4.355,3.808,11.252,5.721,1.608
2020.75,50.739,22.419,3.648,5.389,4.866,42.504,16.952,9.03,6.574,4.112,19.254,4.27,4.158,11.574,5.873,1.593
2020.83333333333,41.202,16.287,2.727,4.523,3.7,33.953,15.992,7.219,5.64,2.86,17.729,1.809,3.546,8.848,4.818,1.175
2020.91666666667,50.432,23.453,3.438,4.793,4.467,42.764,16.782,8.239,6.521,4.884,18.728,4.882,3.762,12.047,5.491,1.668
2021,48.267,21.355,3.498,4.952,4.553,40.462,16.465,8.45,6.208,4.022,18.461,3.944,3.897,11.203,5.606,1.576
2021.08333333333,48.55,21.739,3.445,4.81,4.482,40.88,16.565,8.255,6.177,4.277,18.557,4.427,3.773,11.135,5.285,1.573
2021.16666666667,48.289,21.105,3.559,4.942,4.626,40.487,16.673,8.502,6.313,4.052,18.683,3.875,3.875,10.917,5.299,1.567
2021.25,45.249,18.353,3.105,5.089,4.239,37.3,16.719,8.194,5.937,3.337,18.703,2.551,3.955,9.865,5.176,1.353
2021.33333333333,48.696,21.594,3.449,5.223,4.607,40.718,16.486,8.672,6.27,4.11,18.431,4.339,4.065,10.984,5.324,1.55
2021.41666666667,48.858,22.148,3.702,4.889,4.75,41.208,16.183,8.591,6.416,4.086,18.12,4.509,3.841,11.223,5.389,1.748
2021.5,48.628,21.737,3.824,4.906,4.887,41,16.239,8.729,6.399,3.978,18.162,4.365,3.843,10.973,5.291,1.704
2021.58333333333,48.265,21.653,3.766,4.9,4.832,40.7,16.025,8.666,6.325,3.996,17.947,4.364,3.834,10.963,5.272,1.695
2021.66666666667,48.414,21.664,3.809,4.869,4.841,40.825,16.128,8.678,6.334,3.919,18.072,4.406,3.837,10.924,5.293,1.712
2021.75,48.811,21.75,3.833,5.09,4.93,41.001,16.209,8.923,6.371,3.922,18.138,4.518,3.993,10.862,5.227,1.713
2021.83333333333,48.312,21.449,3.843,5.026,4.927,40.595,16.117,8.868,6.382,3.929,17.995,4.279,3.941,10.787,5.146,1.713
2021.91666666667,47.648,21.274,3.734,4.493,4.583,40.451,16.315,8.227,6.397,3.754,18.147,4.203,3.644,10.674,5.164,1.756
2022,47.637,21.197,3.628,4.876,4.639,40.098,16.107,8.505,6.401,3.886,17.935,4.018,3.868,10.777,5.249,1.645
2022.08333333333,47.731,21.283,3.8,4.781,4.792,40.319,15.994,8.594,6.357,3.908,17.85,4.123,3.795,10.802,5.192,1.709
2022.16666666667,47.155,21.165,3.651,4.747,4.619,39.828,15.756,8.405,6.434,3.832,17.587,4.114,3.785,10.616,5.079,1.715
2022.25,47.519,21.094,3.674,4.86,4.685,40.088,16.107,8.537,6.377,3.848,17.884,4.153,3.852,10.563,5.033,1.691
2022.33333333333,47.294,21.662,3.64,4.596,4.542,40.064,15.602,8.248,6.399,3.827,17.401,4.615,3.705,10.65,5.114,1.718
2022.41666666667,47.347,21.239,3.665,4.732,4.584,40.02,15.877,8.405,6.417,3.786,17.708,4.124,3.824,10.697,5.215,1.703
2022.5,46.588,20.49,3.654,4.744,4.565,39.226,15.852,8.406,6.352,3.521,17.684,3.8,3.845,10.336,5.145,1.678
2022.58333333333,47.108,21.136,3.624,4.705,4.529,39.809,15.804,8.336,6.361,3.735,17.641,4.125,3.811,10.649,5.202,1.721
2022.66666666667,48.281,21.925,3.932,4.704,4.85,41.049,15.865,8.658,6.429,3.901,17.701,4.525,3.798,10.972,5.313,1.768
2022.75,46.683,21.277,3.675,4.316,4.468,39.932,15.577,8.014,6.331,3.793,17.415,4.144,3.54,10.802,5.295,1.721
2022.83333333333,46.741,21.271,3.735,4.286,4.58,39.971,15.624,8.047,6.334,3.764,17.444,4.093,3.453,10.844,5.361,1.725
2022.91666666667,45.841,20.977,3.595,3.785,4.213,39.513,15.713,7.419,6.32,3.638,17.497,4.077,3.192,10.579,5.261,1.686
2023,46.73,21.268,3.644,4.426,4.502,39.769,15.612,8.094,6.259,3.723,17.406,4.118,3.581,10.891,5.464,1.703
2023.08333333333,46.71,21.322,3.513,4.668,4.43,39.588,15.417,8.166,6.255,3.655,17.249,4.144,3.759,10.924,5.545,1.723
2023.16666666667,46.464,21.126,3.669,4.62,4.568,39.447,15.344,8.298,6.24,3.653,17.037,3.999,3.733,10.886,5.494,1.741
2023.25,46.105,21.366,3.419,4.639,4.329,39.017,15.108,8.034,6.264,3.655,16.746,4.11,3.737,10.992,5.586,1.753
2023.33333333333,46.407,21.547,3.589,4.463,4.417,39.479,15.189,8.066,6.247,3.639,16.841,4.311,3.658,10.993,5.617,1.735
2023.41666666667,46.492,21.237,3.59,4.471,4.411,39.508,15.529,8.074,6.311,3.544,17.217,4.142,3.676,10.784,5.455,1.793
2023.5,46.714,21.613,3.571,4.527,4.401,39.711,15.348,8.103,6.27,3.723,17.046,4.141,3.724,11.203,5.699,1.78
2023.58333333333,46.387,21.455,3.512,4.547,4.351,39.403,15.232,8.056,6.232,3.645,16.922,4.03,3.734,11.193,5.806,1.735
2023.66666666667,46.373,21.292,3.513,4.484,4.324,39.406,15.438,8,6.293,3.628,17.13,3.91,3.704,11.086,5.693,1.764
2023.75,45.882,21.293,3.5,4.297,4.244,39.123,15.157,7.816,6.238,3.603,16.845,4.002,3.592,11.052,5.707,1.738
2023.83333333333,46.067,21.329,3.443,4.481,4.272,39.154,15.191,7.919,6.239,3.627,16.878,4.038,3.677,11.053,5.671,1.752
2023.91666666667,46.372,21.533,3.537,4.465,4.351,39.504,15.165,8.01,6.269,3.527,16.884,4.067,3.68,11.197,5.9,1.762
2024,46.138,21.344,3.549,4.537,4.392,39.205,15.121,8.088,6.314,3.574,16.75,4.138,3.718,10.891,5.574,1.742
2024.08333333333,46.33,21.522,3.533,4.441,4.331,39.469,15.32,7.98,6.356,3.673,16.897,4.118,3.67,11.046,5.625,1.748
2024.16666666667,46.447,21.276,3.551,4.455,4.363,39.547,15.646,8.012,6.132,3.619,17.198,4.113,3.667,11.036,5.664,1.75
2024.25,45.876,21.48,3.57,4.531,4.416,38.951,14.807,8.105,6.281,3.64,16.354,4.039,3.707,11.16,5.735,1.783
2024.33333333333,46.136,21.236,3.633,4.589,4.484,39.161,15.163,8.227,6.231,3.641,16.691,3.993,3.761,11.011,5.596,1.777
2024.41666666667,45.797,21.267,3.412,4.608,4.28,38.808,15.078,8.013,6.219,3.64,16.571,4.031,3.768,11.017,5.615,1.762
2024.5,45.967,21.177,3.546,4.618,4.403,38.972,15.143,8.163,6.234,3.643,16.651,4.042,3.787,10.9,5.525,1.734
2024.58333333333,46.256,21.183,3.588,4.623,4.431,39.199,15.336,8.212,6.268,3.563,16.872,4.045,3.808,10.868,5.572,1.731
2024.66666666667,46.209,21.454,3.501,4.672,4.369,39.133,15.101,8.167,6.239,3.615,16.632,4.29,3.832,10.931,5.565,1.753
2024.75,46.026,21.185,3.514,4.556,4.343,39.083,15.274,8.07,6.263,3.584,16.805,4.043,3.755,10.877,5.535,1.762
2024.83333333333,46.198,21.241,3.534,4.552,4.384,39.24,15.345,8.087,6.235,3.543,16.903,4.043,3.726,10.964,5.677,1.739
2024.91666666667,46.565,21.594,3.538,4.708,4.411,39.419,15.199,8.24,6.235,3.662,16.772,4.097,3.863,11.266,5.85,1.744
2025,46.182,21.098,3.558,4.668,4.417,39.055,15.375,8.229,6.256,3.587,16.85,3.993,3.84,10.845,5.486,1.779
2025.08333333333,46.413,21.287,3.548,4.784,4.469,39.136,15.355,8.339,6.261,3.653,16.784,3.997,3.898,11.027,5.618,1.758
2025.16666666667,45.904,21.064,3.489,4.669,4.357,38.759,15.249,8.163,6.261,3.638,16.687,4.047,3.834,10.753,5.37,1.759
2025.25,45.993,21.108,3.595,4.314,4.342,39.29,15.568,7.899,6.247,3.612,17.034,4.003,3.577,10.855,5.486,1.764
2025.33333333333,45.965,21.059,3.503,4.484,4.313,39.037,15.478,7.986,6.29,3.655,16.951,3.985,3.698,10.779,5.389,1.749
2025.41666666667,46.175,21.132,3.625,4.618,4.439,39.086,15.341,8.241,6.3,3.499,16.8,4.02,3.828,10.807,5.574,1.73
2025.5,46.028,21.145,3.487,4.623,4.319,38.939,15.35,8.114,6.31,3.69,16.791,3.887,3.824,10.941,5.541,1.714
2025.58333333333,46.086,21.22,3.474,4.622,4.302,39.005,15.373,8.1,6.308,3.627,16.797,3.981,3.828,10.927,5.536,1.769
2025.66666666667,46.225,21.304,3.487,4.655,4.339,39.099,15.395,8.147,6.337,3.685,16.804,3.957,3.837,11.005,5.575,1.749
2025.75,46.392,21.325,3.484,4.756,4.391,39.117,15.437,8.248,6.339,3.662,16.832,3.942,3.887,11.039,5.614,1.767
2025.83333333333,46.388,21.505,3.416,4.652,4.267,39.206,15.452,8.076,6.359,3.746,16.865,4.022,3.84,11.12,5.59,1.795
2025.91666666667,46.288,21.366,3.635,4.511,4.447,39.278,15.382,8.141,6.362,3.711,16.817,3.954,3.716,11.044,5.569,1.771
2026,46.401,21.605,3.365,4.684,4.21,39.174,15.435,8.063,6.362,3.773,16.802,4.056,3.891,11.186,5.621,1.803
2026.08333333333,45.664,21.141,3.461,4.421,4.239,38.766,15.355,7.88,6.352,3.594,16.701,3.88,3.666,10.901,5.533,1.777
2026.16666666667,46.091,21.539,3.436,4.479,4.226,39.169,15.356,7.916,6.371,3.685,16.722,3.933,3.718,11.231,5.763,1.777
2026.25,45.86,21.655,3.348,4.307,4.072,39.139,15.324,7.653,6.444,3.658,16.686,3.996,3.61,11.21,5.772,1.771
2026.33333333333,46.019,21.648,3.254,4.576,4.073,38.97,15.297,7.845,6.395,3.638,16.636,4.046,3.81,11.204,5.806,1.746
2026.41666666667,46.206,21.607,3.301,4.641,4.117,39.082,15.398,7.958,6.404,3.671,16.729,3.99,3.881,11.208,5.745,1.787
