"time","ica_cz","ica_c1","ica_c3","ica_c4","ica_c5"
2012,92.2385,84.43393,90.99211,98.72555,88.67874
2012.08333333333,92.26984,84.5508,91.05285,98.61666,88.71669
2012.16666666667,92.15627,84.5434,90.837,98.58216,88.63986
2012.25,92.20585,84.78127,90.73265,98.64316,88.70074
2012.33333333333,92.49288,85.21417,90.86914,99.0164,88.9582
2012.41666666667,92.0517,85.11169,90.38801,97.97982,88.48246
2012.5,91.93946,85.3731,90.33263,97.42155,88.24714
2012.58333333333,91.84386,85.68446,90.39618,96.71541,88.04759
2012.66666666667,91.65492,85.91973,90.49009,96.14938,87.73015
2012.75,91.4679,86.23965,90.52769,95.7168,87.44806
2012.83333333333,91.35784,86.39888,90.49091,95.96535,87.25651
2012.91666666667,91.4579,86.69325,90.54167,96.68071,87.21833
2013,91.48192,86.74123,90.50942,97.40644,87.08844
2013.08333333333,91.54843,86.75592,90.49641,98.18823,86.98998
2013.16666666667,91.60905,86.8143,90.45378,98.64001,86.89867
2013.25,91.60521,86.88323,90.47168,98.60719,86.88859
2013.33333333333,91.45873,86.87832,90.39141,98.2635,86.81416
2013.41666666667,91.28453,86.80091,90.22611,98.12993,86.74673
2013.5,91.17535,86.88004,90.12787,97.9257,86.84257
2013.58333333333,91.11067,86.84143,89.9453,97.89969,86.97412
2013.66666666667,91.06094,86.85036,89.79154,97.80718,87.07186
2013.75,91.04378,86.85097,89.59688,97.87462,87.15968
2013.83333333333,91.14582,86.9543,89.43011,97.93594,87.31306
2013.91666666667,91.10417,87.06762,89.19168,97.5808,87.31981
2014,91.12276,87.16297,88.95573,97.97487,87.21315
2014.08333333333,91.15148,87.26522,88.76952,98.69161,87.12146
2014.16666666667,91.11205,87.33101,88.6774,99.02487,87.00252
2014.25,91.02966,87.45064,88.64689,99.0323,86.93374
2014.33333333333,90.97095,87.43709,88.60374,99.39773,86.83761
2014.41666666667,90.83261,87.36987,88.68217,98.93446,86.83778
2014.5,90.58478,87.26421,88.6807,97.96003,86.78478
2014.58333333333,90.368,87.17225,88.67656,97.27024,86.72513
2014.66666666667,90.07746,86.99156,88.47663,97.35203,86.51521
2014.75,89.94481,86.90568,88.37554,98.12258,86.33166
2014.83333333333,89.88425,86.87508,88.32584,99.36529,86.22065
2014.91666666667,89.85747,86.89087,88.33101,100.55577,86.11169
2015,90.16158,87.01436,88.57496,102.93998,86.15249
2015.08333333333,90.52579,87.0904,88.97342,105.06019,86.25828
2015.16666666667,90.72639,87.10362,89.56459,105.91147,86.32454
2015.25,91.03401,87.18836,90.04137,107.38695,86.44204
2015.33333333333,91.12064,87.15667,90.50131,108.0285,86.47385
2015.41666666667,91.09279,87.09458,90.67363,108.71763,86.44379
2015.5,90.90842,87.11289,90.69462,108.21225,86.43614
2015.58333333333,90.6707,87.08962,90.61536,107.8516,86.43026
2015.66666666667,90.51716,87.13984,90.61764,107.4558,86.5253
2015.75,90.37861,87.2167,90.66336,107.17085,86.56034
2015.83333333333,90.24244,87.25056,90.75685,106.91613,86.60116
2015.91666666667,90.02899,87.16095,90.92106,106.44836,86.5732
2016,89.93151,87.06387,91.01553,107.31473,86.43012
2016.08333333333,89.65457,86.81404,91.0024,107.53614,86.12379
2016.16666666667,89.43579,86.57822,90.71477,108.34153,85.71574
2016.25,89.4274,86.44564,90.51165,109.5962,85.42484
2016.33333333333,89.41092,86.48609,90.23514,110.30204,85.11614
2016.41666666667,89.61581,86.84151,90.0874,110.70214,85.07695
2016.5,90.06982,87.36323,90.0385,111.57465,85.25937
2016.58333333333,90.62559,87.8457,90.2071,112.73101,85.56336
2016.66666666667,91.18928,88.32484,90.60264,113.02643,86.04435
2016.75,92.03703,88.63735,91.02302,115.47681,86.52934
2016.83333333333,92.86722,88.79159,91.54654,117.67715,87.11279
2016.91666666667,93.65102,88.95076,92.00023,119.67591,87.67158
2017,94.33253,89.14799,92.50449,121.10591,88.26024
2017.08333333333,94.88777,89.5261,92.91676,121.6144,88.90919
2017.16666666667,95.36986,90.00027,93.46236,121.88676,89.61279
2017.25,95.59084,90.4743,93.93187,121.12043,90.1884
2017.33333333333,95.74947,90.91223,94.52331,120.20442,90.67239
2017.41666666667,95.90066,91.32093,95.06033,119.32078,91.05935
2017.5,96.40039,91.60349,95.67121,120.72868,91.40858
2017.58333333333,96.8383,91.78335,96.14126,121.38876,91.69841
2017.66666666667,97.4497,91.9034,96.49365,122.7546,92.03557
2017.75,98.13915,91.91849,96.66687,125.01199,92.37759
2017.83333333333,98.66746,91.86655,96.57659,126.60787,92.6832
2017.91666666667,98.86083,91.86476,96.27908,126.81319,92.83575
2018,98.80815,91.91159,95.75096,126.01178,92.85791
2018.08333333333,98.5945,91.94955,95.31567,124.62477,92.81911
2018.16666666667,98.38056,92.06407,95.10227,123.05208,92.79767
2018.25,98.28052,92.08026,95.261,121.54752,92.85496
2018.33333333333,98.37808,92.10553,95.66452,120.56811,93.05434
2018.41666666667,98.70045,92.08428,96.43763,120.92647,93.2767
2018.5,99.21387,92.11899,97.19052,122.24144,93.59045
2018.58333333333,99.83241,92.37527,97.88874,123.51482,94.04205
2018.66666666667,100.32814,92.78855,98.26361,124.64138,94.34251
2018.75,100.99075,93.1576,98.61785,126.91578,94.79954
2018.83333333333,101.33781,93.47552,98.91826,128.02225,95.07166
2018.91666666667,101.88393,93.89469,99.37103,129.93288,95.3533
2019,102.14938,94.01457,99.93359,131.15974,95.43694
2019.08333333333,102.27584,94.13413,100.39553,132.21407,95.3876
2019.16666666667,102.40079,94.28626,100.92455,133.36587,95.28708
2019.25,102.34758,94.51513,101.01178,133.74228,95.09577
2019.33333333333,102.26034,94.68332,100.83648,133.97665,95.01955
2019.41666666667,102.15767,94.80522,100.40137,134.63582,94.91241
2019.5,102.21178,94.90214,99.93455,135.62399,94.92922
2019.58333333333,102.10542,95.13236,99.55649,135.1265,94.95035
2019.66666666667,102.62933,95.44238,99.66557,136.25146,95.46015
2019.75,103.10099,95.8658,99.97452,136.8156,95.96518
2019.83333333333,102.12572,96.11365,98.93453,133.51073,95.12995
2019.91666666667,99.83176,95.62304,96.5378,127.5337,93.22142
2020,96.04672,94.58986,93.09142,117.88209,90.19361
2020.08333333333,91.02276,93.09369,88.51649,105.51011,86.15953
2020.16666666667,85.73485,91.46534,84.18057,91.94743,82.10508
2020.25,81.89825,90.24501,81.67048,81.23327,79.45188
2020.33333333333,80.96278,90.2292,81.86715,77.098,79.32505
2020.41666666667,82.69565,91.16752,84.63655,79.93906,81.16584
2020.5,85.50462,92.48654,88.12849,85.36903,83.8394
2020.58333333333,88.69722,93.71716,91.39161,92.74959,86.69421
2020.66666666667,91.79848,94.59249,94.33507,100.27968,89.48487
2020.75,93.77132,95.2697,96.094,104.53579,91.32524
2020.83333333333,94.68905,95.43206,96.85189,106.07706,92.33846
2020.91666666667,95.28236,95.52595,97.32537,105.74528,93.30512
2021,96.1271,95.99568,98.24931,105.93139,94.29905
2021.08333333333,96.75821,96.63907,98.90754,104.89838,95.1811
2021.16666666667,97.28969,97.25553,99.54435,103.33233,96.06134
2021.25,97.73129,97.87352,99.76577,101.82355,96.89595
2021.33333333333,98.15695,98.61525,99.66886,99.64658,97.86311
2021.41666666667,98.59596,99.35391,99.72716,96.95026,98.9235
2021.5,99.18117,100.23117,99.58066,94.56792,100.07025
2021.58333333333,100.28128,101.01767,99.75287,94.60755,101.41878
2021.66666666667,101.38728,101.84195,100.15673,94.82652,102.64226
2021.75,103.05875,102.73132,100.97455,97.76635,104.05237
2021.83333333333,105.02309,103.63656,101.7793,102.82345,105.49195
2021.91666666667,106.88243,104.46623,102.65868,107.06894,106.96554
2022,109.05234,105.57005,103.7729,111.64769,108.50831
2022.08333333333,110.79887,106.77106,104.41763,113.59278,109.93835
2022.16666666667,112.40376,107.99569,105.31626,114.11234,111.25789
2022.25,113.89274,109.44196,106.2669,114.13182,112.37425
2022.33333333333,115.10725,110.86575,107.42668,113.87391,113.24055
2022.41666666667,116.16804,112.59158,108.85346,114.79566,113.68653
2022.5,117.11744,114.23129,110.3265,117.352,113.91838
2022.58333333333,118.08946,115.84958,112.07637,120.91964,114.05952
2022.66666666667,118.76621,117.2963,113.49089,123.54547,114.19299
2022.75,119.34702,118.47739,115.03509,125.88514,114.35158
2022.83333333333,119.41824,119.22247,115.73806,126.10177,114.5495
2022.91666666667,119.3694,119.6175,116.9954,125.23089,114.79599
2023,119.27635,120.00437,118.15165,124.59234,115.02495
2023.08333333333,118.91701,120.21028,119.05855,124.40319,114.87511
2023.16666666667,119.02879,120.51254,120.42303,126.48075,114.60385
2023.25,119.15299,120.78017,120.89238,128.89044,114.18186
2023.33333333333,119.6521,120.93385,121.45047,132.46392,113.77561
2023.41666666667,119.86331,120.96246,120.84445,134.86012,113.23781
2023.5,120.08076,120.75411,120.37145,136.31835,112.84621
2023.58333333333,119.90597,120.29995,119.45226,136.03727,112.45618
2023.66666666667,119.69433,119.87218,119.02877,135.00689,112.3415
2023.75,119.34118,119.56894,118.79195,133.84948,112.29157
2023.83333333333,118.94214,119.30518,118.46838,132.73831,112.27973
2023.91666666667,118.84745,119.31467,118.83583,132.20528,112.48942
2024,118.63718,119.37495,118.46834,131.6859,112.64712
2024.08333333333,118.72253,119.51832,118.32861,132.53998,112.75894
2024.16666666667,118.72182,119.65577,117.94267,133.48702,112.63821
2024.25,118.89914,119.69834,117.72428,134.8473,112.65273
2024.33333333333,118.80376,119.72684,117.17111,135.77548,112.39031
2024.41666666667,118.8174,119.8195,116.7501,136.19117,112.4203
2024.5,118.72451,120.01314,116.34184,135.79415,112.41144
2024.58333333333,118.66678,120.29096,116.02672,134.95539,112.49755
2024.66666666667,118.56163,120.76134,115.78922,133.5066,112.57885
2024.75,118.61115,121.19397,115.68632,133.61812,112.45985
2024.83333333333,119.01245,121.67112,116.29502,135.51049,112.35441
2024.91666666667,119.21361,122.15334,116.6797,137.34956,112.03207
2025,119.44514,122.44281,117.06456,139.83614,111.75838
2025.08333333333,119.46253,122.65898,117.23662,141.51198,111.44655
2025.16666666667,119.46328,122.78226,117.24852,142.33473,111.43845
2025.25,119.33612,122.9218,117.00518,142.07044,111.55221
2025.33333333333,119.22403,123.04029,116.88848,141.20279,111.72593
2025.41666666667,119.33086,123.04743,117.04602,141.08485,112.06082
2025.5,119.6834,123.11989,117.40116,141.84163,112.30496
2025.58333333333,120.52157,123.62173,118.23006,143.28268,112.90016
2025.66666666667,120.41829,123.26179,118.15406,143.7332,112.50642
2025.75,120.58018,123.07954,118.15719,144.43005,112.39714
2025.83333333333,120.76508,123.16901,118.19016,144.84201,112.43325
2025.91666666667,120.69233,123.02529,117.90699,144.55057,112.41957
